slug,state,type,total_cameras,data_retention_days,organization_count,receiving_organization_count,public_search_audit,data_last_updated,source
-el-cajon-pd-ca,CA,PD,103,30,669,,False,2026-08-26T11:43:38.954Z,"eyesonflock.com API 2026-08-28, CC BY-SA 4.0"
-spokane-county-wa-so,WA,SD,,21,,,False,2026-08-26T08:05:27.290Z,"eyesonflock.com API 2026-08-28, CC BY-SA 4.0"
abington-ma-pd,MA,PD,6,30,109,150,True,2026-08-26T09:22:15.240Z,"eyesonflock.com API 2026-08-28, CC BY-SA 4.0"
accomack-county-va-so,VA,SD,43,21,,,False,2026-08-26T19:01:20.407Z,"eyesonflock.com API 2026-08-28, CC BY-SA 4.0"
ahoskie-nc-pd,NC,PD,16,30,,,False,2026-08-26T21:39:08.467Z,"eyesonflock.com API 2026-08-28, CC BY-SA 4.0"
akron-oh-pd,OH,PD,146,30,,,False,2026-08-26T22:41:56.653Z,"eyesonflock.com API 2026-08-28, CC BY-SA 4.0"
al-troy-university-insight-,AL,PD,14,30,206,519,True,2026-08-26T10:21:24.352Z,"eyesonflock.com API 2026-08-28, CC BY-SA 4.0"
alameda-ca-pd,CA,PD,36,30,0,251,True,2026-08-26T17:37:54.596Z,"eyesonflock.com API 2026-08-28, CC BY-SA 4.0"
alameda-county-ca-so,CA,SD,,365,125,,False,2026-08-26T17:41:56.277Z,"eyesonflock.com API 2026-08-28, CC BY-SA 4.0"
albany-ca-pd,CA,PD,35,30,104,,True,2026-08-26T19:00:55.184Z,"eyesonflock.com API 2026-08-28, CC BY-SA 4.0"
albany-or-pd,OR,PD,4,30,20,,True,2026-07-22T08:32:40.932Z,"eyesonflock.com API 2026-08-28, CC BY-SA 4.0"
alexandria-city-va-so,VA,SD,2,21,0,,False,2026-08-26T12:53:13.745Z,"eyesonflock.com API 2026-08-28, CC BY-SA 4.0"
alexandria-mn-pd,MN,PD,11,30,360,,False,2026-08-26T18:21:18.839Z,"eyesonflock.com API 2026-08-28, CC BY-SA 4.0"
alexandria-va-pd,VA,PD,61,21,160,,False,2026-08-26T10:43:46.300Z,"eyesonflock.com API 2026-08-28, CC BY-SA 4.0"
alhambra-ca-pd,CA,PD,53,365,314,,True,2026-08-26T11:52:59.135Z,"eyesonflock.com API 2026-08-28, CC BY-SA 4.0"
allen-county-in-so,IN,SD,10,30,905,1220,False,2026-08-26T09:04:07.748Z,"eyesonflock.com API 2026-08-28, CC BY-SA 4.0"
allen-county-ky-so,KY,SD,6,30,105,943,False,2026-08-26T16:24:29.257Z,"eyesonflock.com API 2026-08-28, CC BY-SA 4.0"
allen-park-pd-mi,MI,PD,0,30,,,False,2026-08-26T15:50:15.867Z,"eyesonflock.com API 2026-08-28, CC BY-SA 4.0"
altavista-va-pd,VA,PD,7,21,,,False,2026-08-26T13:53:57.322Z,"eyesonflock.com API 2026-08-28, CC BY-SA 4.0"
altoona-ia-pd,IA,PD,51,30,,,False,2026-08-26T08:10:09.139Z,"eyesonflock.com API 2026-08-28, CC BY-SA 4.0"
altoona-wi-pd,WI,PD,11,30,205,,False,2026-08-27T00:19:43.153Z,"eyesonflock.com API 2026-08-28, CC BY-SA 4.0"
amberley-village-oh-pd,OH,PD,16,30,,,False,2026-08-26T13:49:19.256Z,"eyesonflock.com API 2026-08-28, CC BY-SA 4.0"
amherst-county-va-so,VA,SD,4,21,,,False,2026-08-26T19:09:40.982Z,"eyesonflock.com API 2026-08-28, CC BY-SA 4.0"
amherst-oh-pd,OH,PD,12,30,,,False,2026-08-26T13:38:24.492Z,"eyesonflock.com API 2026-08-28, CC BY-SA 4.0"
amherst-town-ny-pd,NY,PD,17,,113,,False,2026-08-26T10:41:09.525Z,"eyesonflock.com API 2026-08-28, CC BY-SA 4.0"
ankeny-ia-pd,IA,PD,16,30,,,True,2026-08-26T13:57:35.023Z,"eyesonflock.com API 2026-08-28, CC BY-SA 4.0"
anoka-county-mn-so,MN,SD,13,30,698,,False,2026-08-26T19:41:21.072Z,"eyesonflock.com API 2026-08-28, CC BY-SA 4.0"
anoka-mn-pd,MN,PD,7,30,73,,False,2026-08-26T15:18:36.185Z,"eyesonflock.com API 2026-08-28, CC BY-SA 4.0"
antioch-ca-pd,CA,PD,18,30,240,253,True,2026-08-26T11:09:16.475Z,"eyesonflock.com API 2026-08-28, CC BY-SA 4.0"
antioch-pd-ca,CA,PD,0,,0,,False,2026-08-27T00:22:47.915Z,"eyesonflock.com API 2026-08-28, CC BY-SA 4.0"
apache-junction-az-pd,AZ,PD,,30,,,False,2026-08-26T14:54:34.134Z,"eyesonflock.com API 2026-08-28, CC BY-SA 4.0"
app-state-university-nc-pd,NC,PD,3,30,5,,True,2026-08-26T22:54:23.055Z,"eyesonflock.com API 2026-08-28, CC BY-SA 4.0"
appleton-wi-pd,WI,PD,20,30,0,611,False,2026-06-28T10:20:43.370Z,"eyesonflock.com API 2026-08-28, CC BY-SA 4.0"
appomattox-county-va-so,VA,SD,4,21,161,208,True,2026-08-26T19:09:05.681Z,"eyesonflock.com API 2026-08-28, CC BY-SA 4.0"
aransas-pass-tx-pd,TX,PD,10,30,364,,False,2026-08-26T20:50:51.188Z,"eyesonflock.com API 2026-08-28, CC BY-SA 4.0"
arcanum-oh-pd,OH,PD,5,30,,,False,2026-08-27T00:12:56.734Z,"eyesonflock.com API 2026-08-28, CC BY-SA 4.0"
arlington-county-va-pd,VA,SD,41,21,,,False,2026-08-26T12:06:58.839Z,"eyesonflock.com API 2026-08-28, CC BY-SA 4.0"
arlington-pd-wa,WA,PD,22,21,,,False,2026-08-26T17:18:25.227Z,"eyesonflock.com API 2026-08-28, CC BY-SA 4.0"
arlington-tx-pd,TX,PD,134,30,,,False,2026-08-26T20:47:13.573Z,"eyesonflock.com API 2026-08-28, CC BY-SA 4.0"
arvada-co-pd,CO,PD,16,30,72,,True,2026-08-26T17:23:36.495Z,"eyesonflock.com API 2026-08-28, CC BY-SA 4.0"
asheville-nc-pd,NC,PD,,,,,False,2026-08-26T23:06:55.145Z,"eyesonflock.com API 2026-08-28, CC BY-SA 4.0"
ashland-county-oh-so,OH,SD,,,,,False,2026-08-26T19:18:24.799Z,"eyesonflock.com API 2026-08-28, CC BY-SA 4.0"
ashland-oh-pd,OH,PD,15,30,1154,,True,2026-08-26T11:32:13.146Z,"eyesonflock.com API 2026-08-28, CC BY-SA 4.0"
atherton-ca-pd,CA,PD,53,30,309,,False,2026-08-26T17:35:36.463Z,"eyesonflock.com API 2026-08-28, CC BY-SA 4.0"
aubrey-tx-pd,TX,PD,58,30,1396,576,True,2026-08-26T11:38:28.534Z,"eyesonflock.com API 2026-08-28, CC BY-SA 4.0"
auburn-ca-pd,CA,PD,12,30,316,,False,2026-08-26T13:55:30.123Z,"eyesonflock.com API 2026-08-28, CC BY-SA 4.0"
auburn-ma-pd,MA,PD,4,30,35,199,True,2026-08-26T08:34:05.609Z,"eyesonflock.com API 2026-08-28, CC BY-SA 4.0"
auburn-me-pd,ME,PD,,,,,False,2026-08-26T22:52:17.508Z,"eyesonflock.com API 2026-08-28, CC BY-SA 4.0"
auburn-wa-pd,WA,PD,40,21,71,,True,2026-08-27T00:27:30.660Z,"eyesonflock.com API 2026-08-28, CC BY-SA 4.0"
auglaize-county-oh-so,OH,SD,7,30,1061,,False,2026-08-26T14:29:14.740Z,"eyesonflock.com API 2026-08-28, CC BY-SA 4.0"
augusta-county-va-so,VA,SD,2,21,,,False,2026-08-26T09:39:53.538Z,"eyesonflock.com API 2026-08-28, CC BY-SA 4.0"
aurora-co-pd,CO,PD,117,365,,,False,2026-08-26T20:13:02.532Z,"eyesonflock.com API 2026-08-28, CC BY-SA 4.0"
austin-tx-pd,TX,PD,,,,,False,2026-08-26T12:43:18.450Z,"eyesonflock.com API 2026-08-28, CC BY-SA 4.0"
avon-in-pd,IN,PD,6,30,,,False,2026-08-26T22:04:06.480Z,"eyesonflock.com API 2026-08-28, CC BY-SA 4.0"
avon-lake-oh-pd,OH,PD,15,30,425,,True,2026-07-22T18:30:13.406Z,"eyesonflock.com API 2026-08-28, CC BY-SA 4.0"
bainbridge-township-oh-pd,OH,PD,2,30,,,False,2026-08-26T13:03:47.179Z,"eyesonflock.com API 2026-08-28, CC BY-SA 4.0"
bakersfield-ca-pd,CA,PD,462,30,360,,True,2026-08-26T14:41:47.061Z,"eyesonflock.com API 2026-08-28, CC BY-SA 4.0"
baldwin-park-ca-pd,CA,PD,30,30,317,246,False,2026-08-27T00:07:47.188Z,"eyesonflock.com API 2026-08-28, CC BY-SA 4.0"
baraboo-wi-pd,WI,PD,6,30,54,,True,2026-08-26T22:14:26.196Z,"eyesonflock.com API 2026-08-28, CC BY-SA 4.0"
barling-ar-pd,AR,PD,8,30,32,,True,2026-08-26T11:19:11.315Z,"eyesonflock.com API 2026-08-28, CC BY-SA 4.0"
barrow-county-ga-so,GA,SD,338,30,1898,,True,2026-08-26T21:23:40.509Z,"eyesonflock.com API 2026-08-28, CC BY-SA 4.0"
barstow-ca-pd,CA,PD,87,30,318,,False,2026-08-26T10:36:03.148Z,"eyesonflock.com API 2026-08-28, CC BY-SA 4.0"
bartlesville-ok-pd-,OK,PD,9,30,385,,True,2026-08-26T19:40:49.943Z,"eyesonflock.com API 2026-08-28, CC BY-SA 4.0"
bayfield-county-wi-so,WI,SD,8,30,235,,True,2026-08-26T21:03:46.991Z,"eyesonflock.com API 2026-08-28, CC BY-SA 4.0"
baytown-tx-pd,TX,PD,72,30,3130,872,False,2026-08-26T10:04:20.564Z,"eyesonflock.com API 2026-08-28, CC BY-SA 4.0"
beaumont-ca-pd,CA,PD,54,30,310,,False,2026-08-26T10:38:34.726Z,"eyesonflock.com API 2026-08-28, CC BY-SA 4.0"
becker-county-mn-so,MN,SD,5,30,,,False,2026-08-26T15:41:25.419Z,"eyesonflock.com API 2026-08-28, CC BY-SA 4.0"
bedford-tx-pd,TX,PD,28,30,347,293,False,2026-08-26T13:54:59.531Z,"eyesonflock.com API 2026-08-28, CC BY-SA 4.0"
bedford-va-pd,VA,PD,14,21,150,2111,False,2026-08-26T11:41:29.838Z,"eyesonflock.com API 2026-08-28, CC BY-SA 4.0"
bee-cave-tx-pd,TX,PD,2,30,,,True,2026-08-26T22:12:22.956Z,"eyesonflock.com API 2026-08-28, CC BY-SA 4.0"
beecher-il-pd,IL,PD,10,30,526,,False,2026-08-26T18:37:32.655Z,"eyesonflock.com API 2026-08-28, CC BY-SA 4.0"
bel-aire-ks-pd,KS,PD,0,30,0,,True,2026-08-26T10:02:14.972Z,"eyesonflock.com API 2026-08-28, CC BY-SA 4.0"
bell-ca-pd,CA,PD,11,30,354,,True,2026-08-26T18:59:19.217Z,"eyesonflock.com API 2026-08-28, CC BY-SA 4.0"
bell-gardens-ca-pd,CA,PD,23,30,,,False,2026-08-27T00:05:15.669Z,"eyesonflock.com API 2026-08-28, CC BY-SA 4.0"
belle-isle-fl-pd,FL,PD,17,30,214,,True,2026-08-26T09:42:59.752Z,"eyesonflock.com API 2026-08-28, CC BY-SA 4.0"
bellefontaine-oh-pd,OH,PD,16,30,403,,False,2026-08-27T00:28:30.980Z,"eyesonflock.com API 2026-08-28, CC BY-SA 4.0"
bellevue-id-pd-,ID,PD,2,30,20,11,True,2026-08-26T23:34:24.454Z,"eyesonflock.com API 2026-08-28, CC BY-SA 4.0"
belmont-ca-pd,CA,PD,10,30,17,,True,2026-08-26T15:23:51.030Z,"eyesonflock.com API 2026-08-28, CC BY-SA 4.0"
belmont-nc-pd,NC,PD,,30,,,False,2026-08-26T14:39:35.452Z,"eyesonflock.com API 2026-08-28, CC BY-SA 4.0"
belvedere-ca-pd,CA,PD,6,30,7,,False,2026-08-26T15:43:01.380Z,"eyesonflock.com API 2026-08-28, CC BY-SA 4.0"
benicia-ca-pd,CA,PD,50,30,75,,True,2026-08-26T22:17:30.939Z,"eyesonflock.com API 2026-08-28, CC BY-SA 4.0"
berkeley-ca-pd,CA,PD,52,30,47,,False,2026-08-26T12:00:44.850Z,"eyesonflock.com API 2026-08-28, CC BY-SA 4.0"
berlin-ct-pd,CT,PD,12,30,,,True,2026-08-26T21:54:11.820Z,"eyesonflock.com API 2026-08-28, CC BY-SA 4.0"
berwyn-il-pd,IL,PD,35,90,34,584,True,2026-08-26T22:54:57.384Z,"eyesonflock.com API 2026-08-28, CC BY-SA 4.0"
bessemer-city-nc-pd,NC,PD,9,30,1835,,True,2026-08-26T12:28:51.030Z,"eyesonflock.com API 2026-08-28, CC BY-SA 4.0"
bettendorf-ia-pd,IA,PD,61,30,,,True,2026-08-26T16:48:21.118Z,"eyesonflock.com API 2026-08-28, CC BY-SA 4.0"
beverly-hills-ca-pd,CA,PD,118,365,308,,False,2026-08-26T10:07:57.719Z,"eyesonflock.com API 2026-08-28, CC BY-SA 4.0"
beverly-ma-pd,MA,PD,4,30,101,,True,2026-08-26T08:34:34.847Z,"eyesonflock.com API 2026-08-28, CC BY-SA 4.0"
bexar-county-tx-so,TX,SD,35,30,,,False,2026-08-26T16:27:36.436Z,"eyesonflock.com API 2026-08-28, CC BY-SA 4.0"
bibb-county-so-ga,GA,SD,152,30,1231,,True,2026-08-26T19:39:16.203Z,"eyesonflock.com API 2026-08-28, CC BY-SA 4.0"
blaine-mn-pd,MN,PD,31,30,71,,False,2026-08-26T13:10:21.714Z,"eyesonflock.com API 2026-08-28, CC BY-SA 4.0"
blairsville-ga-pd,GA,PD,2,30,343,,True,2026-08-26T16:01:37.524Z,"eyesonflock.com API 2026-08-28, CC BY-SA 4.0"
blue-ash-oh-pd,OH,PD,44,30,,,False,2026-08-26T23:35:00.915Z,"eyesonflock.com API 2026-08-28, CC BY-SA 4.0"
blue-island-il-pd,IL,PD,14,30,421,,True,2026-08-26T15:45:02.710Z,"eyesonflock.com API 2026-08-28, CC BY-SA 4.0"
blue-springs-mo-pd,MO,PD,164,30,1597,857,True,2026-08-26T16:57:14.009Z,"eyesonflock.com API 2026-08-28, CC BY-SA 4.0"
bluefield-va-pd,VA,PD,,21,61,165,False,2026-08-26T19:23:07.549Z,"eyesonflock.com API 2026-08-28, CC BY-SA 4.0"
bluffton-in-pd,IN,PD,4,30,,,False,2026-08-26T12:10:03.714Z,"eyesonflock.com API 2026-08-28, CC BY-SA 4.0"
boardman-township-oh-pd,OH,PD,28,30,1794,,True,2026-08-26T10:22:30.296Z,"eyesonflock.com API 2026-08-28, CC BY-SA 4.0"
bonney-lake-wa-pd,WA,PD,22,21,,,True,2026-08-26T18:53:04.118Z,"eyesonflock.com API 2026-08-28, CC BY-SA 4.0"
boone-nc-pd,NC,PD,3,30,40,,False,2026-08-26T19:57:53.796Z,"eyesonflock.com API 2026-08-28, CC BY-SA 4.0"
boonsboro-md-pd,MD,PD,14,30,0,,True,2026-08-26T08:45:57.031Z,"eyesonflock.com API 2026-08-28, CC BY-SA 4.0"
boston-heights-oh-pd,OH,PD,8,30,442,,True,2026-08-27T00:25:24.677Z,"eyesonflock.com API 2026-08-28, CC BY-SA 4.0"
boulder-co-pd,CO,PD,31,30,87,,False,2026-08-26T10:14:10.869Z,"eyesonflock.com API 2026-08-28, CC BY-SA 4.0"
bourbonnais-il-pd,IL,PD,12,30,1345,1325,True,2026-08-26T18:06:44.994Z,"eyesonflock.com API 2026-08-28, CC BY-SA 4.0"
bratenahl-oh-pd,OH,PD,10,30,,,False,2026-08-26T19:31:27.605Z,"eyesonflock.com API 2026-08-28, CC BY-SA 4.0"
brawley-ca-pd,CA,PD,41,30,323,,True,2026-08-26T12:00:13.987Z,"eyesonflock.com API 2026-08-28, CC BY-SA 4.0"
bridgewater-va-pd,VA,PD,5,21,0,,False,2026-08-26T15:46:04.807Z,"eyesonflock.com API 2026-08-28, CC BY-SA 4.0"
brimfield-township-oh-pd,OH,PD,4,30,,,False,2026-08-26T10:11:02.945Z,"eyesonflock.com API 2026-08-28, CC BY-SA 4.0"
brisbane-ca-pd,CA,PD,16,30,89,,False,2026-08-26T09:07:52.944Z,"eyesonflock.com API 2026-08-28, CC BY-SA 4.0"
broadway-va-pd,VA,PD,8,21,,,False,2026-08-26T14:18:22.303Z,"eyesonflock.com API 2026-08-28, CC BY-SA 4.0"
brooklyn-center-mn-pd,MN,PD,9,30,45,,False,2026-08-26T12:31:25.516Z,"eyesonflock.com API 2026-08-28, CC BY-SA 4.0"
brooklyn-park-mn-pd,MN,PD,0,30,57,,False,2026-08-26T11:58:40.429Z,"eyesonflock.com API 2026-08-28, CC BY-SA 4.0"
brookville-oh-pd,OH,PD,18,30,1224,,True,2026-08-26T22:05:09.573Z,"eyesonflock.com API 2026-08-28, CC BY-SA 4.0"
broomfield-co-pd,CO,PD,5,30,83,348,False,2026-08-26T09:08:48.074Z,"eyesonflock.com API 2026-08-28, CC BY-SA 4.0"
bryan-tx-pd,TX,PD,22,30,528,,False,2026-08-26T14:56:09.181Z,"eyesonflock.com API 2026-08-28, CC BY-SA 4.0"
buckeye-az-pd,AZ,PD,72,30,,,False,2026-08-26T18:35:22.659Z,"eyesonflock.com API 2026-08-28, CC BY-SA 4.0"
buda-tx-pd,TX,PD,6,30,,,False,2026-08-26T09:53:24.102Z,"eyesonflock.com API 2026-08-28, CC BY-SA 4.0"
buena-park-ca-pd,CA,PD,18,30,323,,True,2026-08-26T11:56:06.845Z,"eyesonflock.com API 2026-08-28, CC BY-SA 4.0"
burbank-ca-pd,CA,PD,57,30,359,,True,2026-08-26T22:04:01.670Z,"eyesonflock.com API 2026-08-28, CC BY-SA 4.0"
burlington-ia-pd,IA,PD,12,30,,,False,2026-08-26T14:46:49.795Z,"eyesonflock.com API 2026-08-28, CC BY-SA 4.0"
butler-county-ks-so,KS,SD,15,30,134,,True,2026-08-26T11:24:21.718Z,"eyesonflock.com API 2026-08-28, CC BY-SA 4.0"
butte-county-ca-so,CA,SD,28,30,304,,True,2026-06-28T08:27:35.892Z,"eyesonflock.com API 2026-08-28, CC BY-SA 4.0"
cabot-ar-pd,AR,PD,9,30,0,,True,2026-08-26T18:18:44.225Z,"eyesonflock.com API 2026-08-28, CC BY-SA 4.0"
cal-maritime-ca,CA,PD,8,30,1,,False,2026-08-26T09:16:01.875Z,"eyesonflock.com API 2026-08-28, CC BY-SA 4.0"
caldwell-id-pd-,ID,PD,89,30,19,31,False,2026-08-26T15:57:02.529Z,"eyesonflock.com API 2026-08-28, CC BY-SA 4.0"
calistoga-ca-pd,CA,PD,6,30,369,,False,2026-08-26T21:51:15.536Z,"eyesonflock.com API 2026-08-28, CC BY-SA 4.0"
campbell-ca-pd,CA,PD,19,30,323,,False,2026-08-26T17:44:26.527Z,"eyesonflock.com API 2026-08-28, CC BY-SA 4.0"
capitola-ca-pd,CA,PD,10,30,7,,False,2026-08-26T23:28:43.684Z,"eyesonflock.com API 2026-08-28, CC BY-SA 4.0"
carlisle-ia-pd,IA,PD,5,30,166,,True,2026-08-26T15:07:39.752Z,"eyesonflock.com API 2026-08-28, CC BY-SA 4.0"
carmel-ca-pd,CA,PD,6,30,0,,True,2026-08-26T10:26:35.767Z,"eyesonflock.com API 2026-08-28, CC BY-SA 4.0"
carolina-beach-nc-pd-,NC,PD,5,30,1429,722,True,2026-08-26T23:25:06.536Z,"eyesonflock.com API 2026-08-28, CC BY-SA 4.0"
carroll-county-va-so,VA,SD,11,21,,,False,2026-06-01T16:47:26.112Z,"eyesonflock.com API 2026-08-28, CC BY-SA 4.0"
carrollton-tx-pd,TX,PD,67,30,490,,False,2026-08-26T21:49:39.541Z,"eyesonflock.com API 2026-08-28, CC BY-SA 4.0"
carson-city-nv-so,NV,SD,37,30,701,61,True,2026-08-26T10:08:29.580Z,"eyesonflock.com API 2026-08-28, CC BY-SA 4.0"
casa-grande-az-pd,AZ,PD,93,30,,,False,2026-08-26T18:00:01.098Z,"eyesonflock.com API 2026-08-28, CC BY-SA 4.0"
case-western-reserve-university-oh-pd,OH,PD,55,30,118,,True,2026-06-01T11:53:22.476Z,"eyesonflock.com API 2026-08-28, CC BY-SA 4.0"
castle-hills-tx-pd,TX,PD,12,30,1233,299,True,2026-08-26T23:14:12.894Z,"eyesonflock.com API 2026-08-28, CC BY-SA 4.0"
castle-rock-co-pd,CO,PD,,30,,,False,2026-08-26T17:47:05.448Z,"eyesonflock.com API 2026-08-28, CC BY-SA 4.0"
catawba-nation-tribal-sc-pd-,SC,PD,9,30,1729,,True,2026-08-26T16:03:44.899Z,"eyesonflock.com API 2026-08-28, CC BY-SA 4.0"
cathedral-city-ca-pd,CA,PD,35,30,252,,True,2026-08-26T15:01:49.837Z,"eyesonflock.com API 2026-08-28, CC BY-SA 4.0"
cayuga-heights-village-ny-pd,NY,PD,4,30,,,False,2026-08-26T16:14:04.838Z,"eyesonflock.com API 2026-08-28, CC BY-SA 4.0"
cedar-lake-in-pd,IN,PD,4,30,,,True,2026-08-26T09:46:07.878Z,"eyesonflock.com API 2026-08-28, CC BY-SA 4.0"
cedar-rapids-ia-pd,IA,PD,70,30,569,,True,2026-08-26T15:58:02.847Z,"eyesonflock.com API 2026-08-28, CC BY-SA 4.0"
celina-tx-pd-,TX,PD,47,30,1088,,False,2026-08-26T14:51:33.409Z,"eyesonflock.com API 2026-08-28, CC BY-SA 4.0"
central-la-pd-,LA,PD,11,30,,,True,2026-08-26T15:20:39.535Z,"eyesonflock.com API 2026-08-28, CC BY-SA 4.0"
centralia-pd-wa,WA,PD,17,21,84,,False,2026-08-26T17:21:34.557Z,"eyesonflock.com API 2026-08-28, CC BY-SA 4.0"
chadbourn-nc-pd,NC,PD,24,30,2201,,True,2026-08-26T18:07:15.450Z,"eyesonflock.com API 2026-08-28, CC BY-SA 4.0"
chaffee-county-co-so,CO,SD,5,30,,,False,2026-08-26T09:26:22.377Z,"eyesonflock.com API 2026-08-28, CC BY-SA 4.0"
champaign-county-so-oh,OH,SD,0,,0,,True,2026-08-26T15:24:46.908Z,"eyesonflock.com API 2026-08-28, CC BY-SA 4.0"
champaign-il-pd,IL,PD,85,30,2,,False,2026-08-26T17:58:23.887Z,"eyesonflock.com API 2026-08-28, CC BY-SA 4.0"
champlin-mn-pd,MN,PD,7,30,55,,False,2026-08-26T13:09:51.451Z,"eyesonflock.com API 2026-08-28, CC BY-SA 4.0"
chardon-oh-pd,OH,PD,7,30,301,,True,2026-06-01T13:12:16.093Z,"eyesonflock.com API 2026-08-28, CC BY-SA 4.0"
charlottesville-va-pd,VA,PD,2,7,,,False,2026-08-26T11:26:27.569Z,"eyesonflock.com API 2026-08-28, CC BY-SA 4.0"
chase-city-va-pd,VA,PD,1,21,,,False,2026-08-26T16:46:15.662Z,"eyesonflock.com API 2026-08-28, CC BY-SA 4.0"
chatham-county-ga-pd,GA,PD,41,30,1655,731,True,2026-08-26T15:08:43.376Z,"eyesonflock.com API 2026-08-28, CC BY-SA 4.0"
cheektowaga-town-ny-pd,NY,PD,30,30,171,,True,2026-08-26T23:20:28.309Z,"eyesonflock.com API 2026-08-28, CC BY-SA 4.0"
chesapeake-va-pd-,VA,PD,68,21,,,False,2026-08-26T17:30:54.806Z,"eyesonflock.com API 2026-08-28, CC BY-SA 4.0"
cheshire-ct-pd,CT,PD,12,30,58,,True,2026-08-26T14:32:52.896Z,"eyesonflock.com API 2026-08-28, CC BY-SA 4.0"
chester-county-sc-so,SC,SD,48,30,1782,,True,2026-08-26T09:18:38.047Z,"eyesonflock.com API 2026-08-28, CC BY-SA 4.0"
chesterfield-mo-pd,MO,PD,11,30,,,False,2026-07-22T15:52:16.247Z,"eyesonflock.com API 2026-08-28, CC BY-SA 4.0"
cheyenne-wy-pd,WY,PD,23,30,,,False,2026-08-26T10:06:23.436Z,"eyesonflock.com API 2026-08-28, CC BY-SA 4.0"
chilhowie-va-pd,VA,PD,4,21,33,29,True,2026-08-26T17:36:37.292Z,"eyesonflock.com API 2026-08-28, CC BY-SA 4.0"
chisago-county-mn-so,MN,SD,15,30,80,,False,2026-08-26T22:37:47.906Z,"eyesonflock.com API 2026-08-28, CC BY-SA 4.0"
chula-vista-ca-pd,CA,PD,150,30,317,,True,2026-08-27T00:04:36.643Z,"eyesonflock.com API 2026-08-28, CC BY-SA 4.0"
citrus-heights-ca-pd,CA,PD,73,30,349,,True,2026-08-26T20:54:02.385Z,"eyesonflock.com API 2026-08-28, CC BY-SA 4.0"
city-of-franklin-va-pd,VA,PD,32,21,,,False,2026-08-26T16:09:58.836Z,"eyesonflock.com API 2026-08-28, CC BY-SA 4.0"
city-of-half-moon-bay-smcso-,CA,SD,14,30,282,7,False,2026-08-26T16:30:42.247Z,"eyesonflock.com API 2026-08-28, CC BY-SA 4.0"
city-of-las-vegas-nv-department-of-public-safety,NV,PD,22,,6,,False,2026-08-26T22:19:06.706Z,"eyesonflock.com API 2026-08-28, CC BY-SA 4.0"
city-of-lemoore-ca,CA,PD,20,30,279,,True,2026-08-26T16:32:44.649Z,"eyesonflock.com API 2026-08-28, CC BY-SA 4.0"
city-of-peoria-pd,AZ,PD,81,30,,,False,2026-08-26T17:13:13.886Z,"eyesonflock.com API 2026-08-28, CC BY-SA 4.0"
city-of-riverside-ca-pd-,CA,PD,119,30,325,,True,2026-08-26T17:32:28.432Z,"eyesonflock.com API 2026-08-28, CC BY-SA 4.0"
city-of-willard-mo-pd,MO,PD,19,30,0,10,False,2026-08-26T20:05:45.374Z,"eyesonflock.com API 2026-08-28, CC BY-SA 4.0"
claflin-university-sc-pd,SC,PD,6,30,147,,False,2026-08-27T00:34:43.854Z,"eyesonflock.com API 2026-08-28, CC BY-SA 4.0"
clark-county-oh-so,OH,SD,33,30,2096,,True,2026-06-01T17:41:25.512Z,"eyesonflock.com API 2026-08-28, CC BY-SA 4.0"
clayton-de-pd,DE,PD,4,7,,,False,2026-08-26T23:53:39.689Z,"eyesonflock.com API 2026-08-28, CC BY-SA 4.0"
clayton-mo-pd,MO,PD,20,30,214,,True,2026-08-26T09:10:20.009Z,"eyesonflock.com API 2026-08-28, CC BY-SA 4.0"
clear-lake-ia-pd,IA,PD,11,30,40,80,True,2026-08-26T17:19:29.052Z,"eyesonflock.com API 2026-08-28, CC BY-SA 4.0"
clearlake-ca-pd,CA,PD,31,30,134,,False,2026-08-26T16:06:19.751Z,"eyesonflock.com API 2026-08-28, CC BY-SA 4.0"
cleveland-county-so-,NC,SD,33,30,,,True,2026-08-26T11:45:11.240Z,"eyesonflock.com API 2026-08-28, CC BY-SA 4.0"
clinton-ct-pd,CT,PD,,30,471,,True,2026-08-26T20:49:17.218Z,"eyesonflock.com API 2026-08-28, CC BY-SA 4.0"
clinton-ia-pd,IA,PD,8,30,138,,True,2026-08-26T08:55:20.874Z,"eyesonflock.com API 2026-08-28, CC BY-SA 4.0"
clive-ia-pd,IA,PD,20,30,184,,True,2026-08-26T11:03:02.634Z,"eyesonflock.com API 2026-08-28, CC BY-SA 4.0"
clover-sc-pd,SC,PD,7,30,,,False,2026-08-26T08:38:43.421Z,"eyesonflock.com API 2026-08-28, CC BY-SA 4.0"
co-erie-pd,CO,PD,24,30,,,False,2026-08-26T19:43:53.770Z,"eyesonflock.com API 2026-08-28, CC BY-SA 4.0"
co-fort-lewis-college-pd,CO,PD,3,30,0,,False,2026-08-26T12:59:53.800Z,"eyesonflock.com API 2026-08-28, CC BY-SA 4.0"
co-lafayette-pd,CO,PD,30,30,85,,False,2026-08-26T09:46:39.361Z,"eyesonflock.com API 2026-08-28, CC BY-SA 4.0"
coastal-bend-college-campus-pd-,TX,PD,10,30,1204,,False,2026-08-26T17:32:56.626Z,"eyesonflock.com API 2026-08-28, CC BY-SA 4.0"
coconino-az-so,AZ,SD,20,30,,,False,2026-08-26T18:38:28.715Z,"eyesonflock.com API 2026-08-28, CC BY-SA 4.0"
cohasset-ma-pd,MA,PD,4,30,,,False,2026-08-26T09:49:14.183Z,"eyesonflock.com API 2026-08-28, CC BY-SA 4.0"
coldwater-mi-pd,MI,PD,5,365,1830,,True,2026-08-26T12:09:03.260Z,"eyesonflock.com API 2026-08-28, CC BY-SA 4.0"
colerain-township-oh-pd,OH,PD,22,30,,,False,2026-08-26T19:38:13.241Z,"eyesonflock.com API 2026-08-28, CC BY-SA 4.0"
college-of-william-mary-va-pd-,VA,PD,,21,0,5,False,2026-08-26T23:38:05.879Z,"eyesonflock.com API 2026-08-28, CC BY-SA 4.0"
college-place-wa-pd,WA,PD,8,30,,,False,2026-08-26T08:23:39.745Z,"eyesonflock.com API 2026-08-28, CC BY-SA 4.0"
college-station-tx-pd,TX,PD,88,30,529,681,False,2026-08-26T16:17:15.030Z,"eyesonflock.com API 2026-08-28, CC BY-SA 4.0"
collegedale-tn-pd,TN,PD,6,30,,,False,2026-08-26T21:02:11.203Z,"eyesonflock.com API 2026-08-28, CC BY-SA 4.0"
colma-ca-pd,CA,PD,11,30,327,,False,2026-08-26T21:51:35.195Z,"eyesonflock.com API 2026-08-28, CC BY-SA 4.0"
colonial-beach-va-pd,VA,PD,4,21,,,False,2026-08-26T11:13:54.620Z,"eyesonflock.com API 2026-08-28, CC BY-SA 4.0"
colonial-heights-va-pd,VA,PD,14,21,,,False,2026-08-26T18:36:26.101Z,"eyesonflock.com API 2026-08-28, CC BY-SA 4.0"
colorado-springs-co-pd,CO,PD,,,,,False,2026-06-01T15:43:21.707Z,"eyesonflock.com API 2026-08-28, CC BY-SA 4.0"
colton-ca-pd-,CA,PD,41,30,320,,True,2026-08-26T21:33:27.169Z,"eyesonflock.com API 2026-08-28, CC BY-SA 4.0"
columbia-county-fl-so,FL,SD,11,30,,,False,2026-08-26T11:55:04.083Z,"eyesonflock.com API 2026-08-28, CC BY-SA 4.0"
columbia-heights-mn-pd,MN,PD,5,30,0,,True,2026-08-26T14:40:37.178Z,"eyesonflock.com API 2026-08-28, CC BY-SA 4.0"
columbia-mo-pd,MO,PD,114,30,152,,True,2026-08-26T15:21:46.735Z,"eyesonflock.com API 2026-08-28, CC BY-SA 4.0"
columbus-nc-pd,NC,PD,4,30,1614,,True,2026-08-26T22:38:48.679Z,"eyesonflock.com API 2026-08-28, CC BY-SA 4.0"
columbus-oh-pd,OH,PD,,30,422,481,True,2026-08-26T23:02:52.190Z,"eyesonflock.com API 2026-08-28, CC BY-SA 4.0"
commerce-city-co-pd,CO,PD,87,30,,,False,2026-08-26T12:26:48.500Z,"eyesonflock.com API 2026-08-28, CC BY-SA 4.0"
contra-costa-county-ca-so,CA,SD,71,365,324,,True,2026-08-26T22:53:25.909Z,"eyesonflock.com API 2026-08-28, CC BY-SA 4.0"
conway-ar-pd,AR,PD,20,30,,,False,2026-08-26T10:40:09.782Z,"eyesonflock.com API 2026-08-28, CC BY-SA 4.0"
coralville-ia-pd,IA,PD,2,30,3,,True,2026-02-25T13:58:35.811Z,"eyesonflock.com API 2026-08-28, CC BY-SA 4.0"
corcoran-mn-pd,MN,PD,9,30,7,,True,2026-08-26T18:41:05.325Z,"eyesonflock.com API 2026-08-28, CC BY-SA 4.0"
corinth-tx-pd,TX,PD,13,30,446,,False,2026-08-26T21:47:57.221Z,"eyesonflock.com API 2026-08-28, CC BY-SA 4.0"
coronado-ca-pd,CA,PD,137,365,303,,True,2026-08-26T14:26:37.989Z,"eyesonflock.com API 2026-08-28, CC BY-SA 4.0"
coshocton-county-oh-so,OH,SD,8,30,0,1,True,2026-08-26T11:04:35.139Z,"eyesonflock.com API 2026-08-28, CC BY-SA 4.0"
costa-mesa-ca-pd,CA,PD,46,365,344,,False,2026-08-26T15:33:42.671Z,"eyesonflock.com API 2026-08-28, CC BY-SA 4.0"
cottage-grove-wi-pd,WI,PD,12,30,1463,357,True,2026-08-26T23:12:39.911Z,"eyesonflock.com API 2026-08-28, CC BY-SA 4.0"
council-bluffs-ia-pd,IA,PD,37,30,84,,True,2026-08-26T20:08:21.366Z,"eyesonflock.com API 2026-08-28, CC BY-SA 4.0"
cranbury-nj-pd,NJ,PD,12,1095,63,,True,2026-08-26T10:17:47.467Z,"eyesonflock.com API 2026-08-28, CC BY-SA 4.0"
cranston-ri-pd,RI,PD,36,30,18,,False,2026-08-26T11:02:34.230Z,"eyesonflock.com API 2026-08-28, CC BY-SA 4.0"
craven-county-abc-board-nc,NC,SD,2,30,1623,,True,2026-08-26T14:08:32.316Z,"eyesonflock.com API 2026-08-28, CC BY-SA 4.0"
creedmoor-nc-pd,NC,PD,,30,225,,False,2026-08-26T13:43:34.164Z,"eyesonflock.com API 2026-08-28, CC BY-SA 4.0"
crow-wing-county-mn-so,MN,SD,12,30,59,,False,2026-08-27T00:30:05.035Z,"eyesonflock.com API 2026-08-28, CC BY-SA 4.0"
culpeper-va-pd-,VA,PD,18,,,,False,2026-08-26T17:45:56.388Z,"eyesonflock.com API 2026-08-28, CC BY-SA 4.0"
culver-city-ca-pd,CA,PD,52,30,0,,False,2026-08-26T11:23:53.368Z,"eyesonflock.com API 2026-08-28, CC BY-SA 4.0"
cumberland-ri-pd,RI,PD,12,30,88,,False,2026-08-26T20:35:49.812Z,"eyesonflock.com API 2026-08-28, CC BY-SA 4.0"
dakota-county-ne-so,NE,SD,4,30,702,,True,2026-08-26T08:03:24.688Z,"eyesonflock.com API 2026-08-28, CC BY-SA 4.0"
dallas-tx-pd,TX,PD,684,365,,,False,2026-08-27T00:24:59.400Z,"eyesonflock.com API 2026-08-28, CC BY-SA 4.0"
damascus-va-pd,VA,PD,3,21,12,5,True,2026-08-26T22:49:44.864Z,"eyesonflock.com API 2026-08-28, CC BY-SA 4.0"
dane-county-wi-so,WI,SD,24,30,98,,True,2026-06-01T17:20:08.084Z,"eyesonflock.com API 2026-08-28, CC BY-SA 4.0"
danville-ca-pd,CA,PD,51,365,354,,True,2026-08-26T15:49:14.399Z,"eyesonflock.com API 2026-08-28, CC BY-SA 4.0"
danville-va-pd,VA,PD,21,21,,,False,2026-08-26T18:27:31.217Z,"eyesonflock.com API 2026-08-28, CC BY-SA 4.0"
davenport-ia-pd,IA,PD,10,30,1139,,True,2026-07-22T18:14:34.263Z,"eyesonflock.com API 2026-08-28, CC BY-SA 4.0"
davidson-nc-pd,NC,PD,24,30,,,True,2026-08-26T09:16:34.816Z,"eyesonflock.com API 2026-08-28, CC BY-SA 4.0"
davie-county-nc-so,NC,SD,30,30,,,False,2026-08-26T11:53:30.884Z,"eyesonflock.com API 2026-08-28, CC BY-SA 4.0"
dayton-mn-pd,MN,PD,7,30,65,,False,2026-08-26T09:45:03.870Z,"eyesonflock.com API 2026-08-28, CC BY-SA 4.0"
dayton-oh-pd,OH,PD,193,30,,,False,2026-08-26T13:48:17.474Z,"eyesonflock.com API 2026-08-28, CC BY-SA 4.0"
defiance-county-oh-so,OH,SD,6,30,1611,,True,2026-08-26T15:22:44.161Z,"eyesonflock.com API 2026-08-28, CC BY-SA 4.0"
del-city-ok-pd,OK,PD,10,30,1036,,False,2026-08-26T20:53:24.456Z,"eyesonflock.com API 2026-08-28, CC BY-SA 4.0"
delano-ca-pd,CA,PD,45,30,341,,True,2026-08-26T23:09:02.810Z,"eyesonflock.com API 2026-08-28, CC BY-SA 4.0"
delmar-md-pd,MD,PD,1,30,1,13,True,2026-08-26T10:15:11.249Z,"eyesonflock.com API 2026-08-28, CC BY-SA 4.0"
delphi-in-pd,IN,PD,5,30,1792,,True,2026-08-26T18:00:26.124Z,"eyesonflock.com API 2026-08-28, CC BY-SA 4.0"
denton-tx-pd,TX,PD,10,30,101,,True,2026-08-26T09:24:18.775Z,"eyesonflock.com API 2026-08-28, CC BY-SA 4.0"
denver-co-pd,CO,PD,,,,,False,2026-08-26T20:56:58.868Z,"eyesonflock.com API 2026-08-28, CC BY-SA 4.0"
derby-ks-pd,KS,PD,16,30,1136,1592,False,2026-08-26T11:44:38.616Z,"eyesonflock.com API 2026-08-28, CC BY-SA 4.0"
des-moines-wa-pd,WA,PD,14,21,80,,True,2026-08-26T16:21:55.771Z,"eyesonflock.com API 2026-08-28, CC BY-SA 4.0"
detroit-lakes-mn-pd,MN,PD,6,30,56,42,False,2026-08-26T13:56:31.833Z,"eyesonflock.com API 2026-08-28, CC BY-SA 4.0"
dinuba-ca-pd,CA,PD,8,30,268,,True,2026-08-26T12:31:54.746Z,"eyesonflock.com API 2026-08-28, CC BY-SA 4.0"
dixon-ca-pd,CA,PD,31,30,346,,False,2026-08-26T21:23:03.162Z,"eyesonflock.com API 2026-08-28, CC BY-SA 4.0"
douglas-county-co-so,CO,SD,,,,,False,2026-08-26T16:28:03.556Z,"eyesonflock.com API 2026-08-28, CC BY-SA 4.0"
dublin-ca-pd-acso,CA,PD,111,30,276,292,False,2026-08-26T16:01:06.822Z,"eyesonflock.com API 2026-08-28, CC BY-SA 4.0"
dublin-oh-pd,OH,PD,34,30,,,False,2026-08-26T15:27:54.308Z,"eyesonflock.com API 2026-08-28, CC BY-SA 4.0"
dublin-va-pd,VA,PD,4,21,160,,True,2026-08-26T14:55:39.336Z,"eyesonflock.com API 2026-08-28, CC BY-SA 4.0"
dubuque-ia-pd,IA,PD,22,30,,,True,2026-08-26T08:36:39.456Z,"eyesonflock.com API 2026-08-28, CC BY-SA 4.0"
duck-nc-pd,NC,PD,4,30,201,213,True,2026-08-26T22:37:17.841Z,"eyesonflock.com API 2026-08-28, CC BY-SA 4.0"
dunwoody-ga-pd,GA,PD,436,30,,,False,2026-08-26T15:47:11.810Z,"eyesonflock.com API 2026-08-28, CC BY-SA 4.0"
durango-co-pd,CO,PD,,30,,,False,2026-08-26T23:17:19.048Z,"eyesonflock.com API 2026-08-28, CC BY-SA 4.0"
dutchess-county-ny-so,NY,SD,65,30,,,True,2026-08-26T19:40:25.929Z,"eyesonflock.com API 2026-08-28, CC BY-SA 4.0"
east-hampton-village-ny-pd,NY,PD,10,30,918,,True,2026-08-26T11:31:35.393Z,"eyesonflock.com API 2026-08-28, CC BY-SA 4.0"
east-palo-alto-ca-pd,CA,PD,25,30,299,,True,2026-08-26T13:42:32.634Z,"eyesonflock.com API 2026-08-28, CC BY-SA 4.0"
east-providence-ri-pd,RI,PD,23,30,,,False,2026-08-26T18:58:13.595Z,"eyesonflock.com API 2026-08-28, CC BY-SA 4.0"
eatonville-wa-pd,WA,PD,0,15,69,,False,2026-08-26T14:42:09.792Z,"eyesonflock.com API 2026-08-28, CC BY-SA 4.0"
edgewater-co-pd,CO,PD,6,30,86,,False,2026-08-26T20:58:35.379Z,"eyesonflock.com API 2026-08-28, CC BY-SA 4.0"
edina-mn-pd,MN,PD,22,30,,,False,2026-08-26T08:43:54.994Z,"eyesonflock.com API 2026-08-28, CC BY-SA 4.0"
edinburg-tx-pd,TX,PD,29,30,1144,,True,2026-08-26T14:24:03.553Z,"eyesonflock.com API 2026-08-28, CC BY-SA 4.0"
edison-nj-pd,NJ,PD,24,,,,False,2026-08-26T13:44:34.732Z,"eyesonflock.com API 2026-08-28, CC BY-SA 4.0"
edmond-ok-pd,OK,PD,21,30,,,False,2026-08-26T16:26:03.701Z,"eyesonflock.com API 2026-08-28, CC BY-SA 4.0"
edmonds-wa-pd,WA,PD,19,21,,,False,2026-05-13T14:06:14.550Z,"eyesonflock.com API 2026-08-28, CC BY-SA 4.0"
el-cerrito-ca-pd,CA,PD,40,30,321,,False,2026-06-01T14:41:37.123Z,"eyesonflock.com API 2026-08-28, CC BY-SA 4.0"
el-paso-co-so,CO,SD,30,30,,,False,2026-08-27T00:33:09.932Z,"eyesonflock.com API 2026-08-28, CC BY-SA 4.0"
el-paso-tx-pd-,TX,PD,150,30,,,False,2026-08-26T12:01:46.423Z,"eyesonflock.com API 2026-08-28, CC BY-SA 4.0"
el-segundo-ca-pd,CA,PD,17,30,258,,False,2026-08-27T00:31:06.622Z,"eyesonflock.com API 2026-08-28, CC BY-SA 4.0"
elgin-sc-pd,SC,PD,2,30,1652,,True,2026-08-26T18:42:07.799Z,"eyesonflock.com API 2026-08-28, CC BY-SA 4.0"
elizabethtown-nc-pd,NC,PD,10,30,268,,True,2026-08-26T20:45:05.905Z,"eyesonflock.com API 2026-08-28, CC BY-SA 4.0"
elk-river-mn-pd,MN,PD,18,30,59,174,True,2026-06-28T15:40:46.252Z,"eyesonflock.com API 2026-08-28, CC BY-SA 4.0"
ellensburg-wa-pd,WA,PD,13,21,,,True,2026-08-26T10:10:30.644Z,"eyesonflock.com API 2026-08-28, CC BY-SA 4.0"
elmira-city-ny-pd,NY,PD,39,30,,,True,2026-08-26T21:30:48.865Z,"eyesonflock.com API 2026-08-28, CC BY-SA 4.0"
elyria-oh-pd,OH,PD,25,30,1713,,True,2026-08-26T22:21:44.063Z,"eyesonflock.com API 2026-08-28, CC BY-SA 4.0"
emeryville-ca-pd,CA,PD,16,30,,,False,2026-08-26T23:32:21.973Z,"eyesonflock.com API 2026-08-28, CC BY-SA 4.0"
eminence-ky-pd,KY,PD,4,30,,,True,2026-08-26T17:48:33.435Z,"eyesonflock.com API 2026-08-28, CC BY-SA 4.0"
emporia-va-pd-,VA,PD,483,,,,False,2026-08-26T17:09:39.511Z,"eyesonflock.com API 2026-08-28, CC BY-SA 4.0"
escondido-ca-pd,CA,PD,8,30,309,,False,2026-08-26T23:46:24.120Z,"eyesonflock.com API 2026-08-28, CC BY-SA 4.0"
euclid-oh-pd,OH,PD,,30,,,False,2026-08-26T20:37:52.509Z,"eyesonflock.com API 2026-08-28, CC BY-SA 4.0"
eugene-or-pd,OR,PD,0,30,0,,True,2026-08-26T20:02:34.424Z,"eyesonflock.com API 2026-08-28, CC BY-SA 4.0"
euharlee-ga-pd,GA,PD,14,30,305,859,False,2026-08-26T09:31:01.549Z,"eyesonflock.com API 2026-08-28, CC BY-SA 4.0"
eureka-il-pd-,IL,PD,8,30,412,,True,2026-08-26T11:01:30.578Z,"eyesonflock.com API 2026-08-28, CC BY-SA 4.0"
evanston-il-pd,IL,PD,6,30,,,False,2026-02-25T08:52:08.034Z,"eyesonflock.com API 2026-08-28, CC BY-SA 4.0"
evansville-in-pd,IN,PD,56,30,,,False,2026-08-26T15:23:15.108Z,"eyesonflock.com API 2026-08-28, CC BY-SA 4.0"
evendale-oh-pd,OH,PD,20,30,,,False,2026-08-26T23:44:50.921Z,"eyesonflock.com API 2026-08-28, CC BY-SA 4.0"
everett-wa-pd,WA,PD,81,30,9,,False,2026-08-26T16:46:47.878Z,"eyesonflock.com API 2026-08-28, CC BY-SA 4.0"
fair-oaks-ranch-tx-pd,TX,PD,8,30,0,,True,2026-08-26T23:26:09.174Z,"eyesonflock.com API 2026-08-28, CC BY-SA 4.0"
fairfax-city-va-pd,VA,PD,22,21,,,False,2026-08-26T22:16:32.089Z,"eyesonflock.com API 2026-08-28, CC BY-SA 4.0"
fairfax-oh-pd,OH,PD,5,30,3265,,True,2026-08-26T22:55:27.182Z,"eyesonflock.com API 2026-08-28, CC BY-SA 4.0"
fairfield-ca-pd,CA,PD,231,30,357,,True,2026-08-26T08:13:16.944Z,"eyesonflock.com API 2026-08-28, CC BY-SA 4.0"
fairfield-oh-pd,OH,PD,59,30,,,False,2026-08-26T22:04:37.862Z,"eyesonflock.com API 2026-08-28, CC BY-SA 4.0"
falmouth-me-pd,ME,PD,4,21,3,,False,2026-08-27T00:15:31.337Z,"eyesonflock.com API 2026-08-28, CC BY-SA 4.0"
fargo-nd-pd,ND,PD,21,30,,,True,2026-08-26T22:21:15.498Z,"eyesonflock.com API 2026-08-28, CC BY-SA 4.0"
faribault-mn-pd,MN,PD,10,30,1,,False,2026-08-26T08:35:36.675Z,"eyesonflock.com API 2026-08-28, CC BY-SA 4.0"
farmers-branch-tx-pd,TX,PD,47,30,,,False,2026-08-26T13:38:59.340Z,"eyesonflock.com API 2026-08-28, CC BY-SA 4.0"
farmington-ct-pd,CT,PD,7,21,,,True,2026-08-26T19:49:05.615Z,"eyesonflock.com API 2026-08-28, CC BY-SA 4.0"
ferndale-mi-pd,MI,PD,,,,,False,2026-08-26T15:34:08.591Z,"eyesonflock.com API 2026-08-28, CC BY-SA 4.0"
firestone-co-pd,CO,PD,19,30,,,False,2026-08-26T09:46:04.327Z,"eyesonflock.com API 2026-08-28, CC BY-SA 4.0"
fitchburg-wi-pd,WI,PD,3,30,209,,False,2026-08-26T18:12:25.994Z,"eyesonflock.com API 2026-08-28, CC BY-SA 4.0"
flagstaff-az-pd,AZ,PD,32,14,2,,False,2026-06-01T09:10:21.006Z,"eyesonflock.com API 2026-08-28, CC BY-SA 4.0"
flock-pd,GA,PD,,30,,,False,2026-08-26T11:19:46.623Z,"eyesonflock.com API 2026-08-28, CC BY-SA 4.0"
flock-safety-admins,GA,PD,,90,,,False,2026-04-22T08:54:57.166Z,"eyesonflock.com API 2026-08-28, CC BY-SA 4.0"
flock-safety-sales,GA,PD,,,,,False,2026-08-26T16:45:41.238Z,"eyesonflock.com API 2026-08-28, CC BY-SA 4.0"
florence-or-pd,OR,PD,6,30,23,,True,2026-08-26T08:40:47.318Z,"eyesonflock.com API 2026-08-28, CC BY-SA 4.0"
florence-sc-pd,SC,PD,54,30,,,False,2026-08-26T08:54:17.314Z,"eyesonflock.com API 2026-08-28, CC BY-SA 4.0"
floyd-county-va-so,VA,SD,4,21,,,False,2026-08-26T22:31:31.629Z,"eyesonflock.com API 2026-08-28, CC BY-SA 4.0"
folly-beach-sc-pd,SC,PD,2,30,1324,,True,2026-08-26T11:22:49.623Z,"eyesonflock.com API 2026-08-28, CC BY-SA 4.0"
folsom-ca-pd,CA,PD,,121,144,,True,2026-08-26T19:38:45.486Z,"eyesonflock.com API 2026-08-28, CC BY-SA 4.0"
fond-du-lac-wi-pd,WI,PD,14,30,190,,False,2026-08-26T19:53:45.371Z,"eyesonflock.com API 2026-08-28, CC BY-SA 4.0"
fontana-ca-pd,CA,PD,50,30,314,,True,2026-08-26T17:47:34.828Z,"eyesonflock.com API 2026-08-28, CC BY-SA 4.0"
foothilldeanza-ca-pd,CA,PD,3,30,0,228,True,2026-08-26T18:41:36.309Z,"eyesonflock.com API 2026-08-28, CC BY-SA 4.0"
forest-heights-md-pd,MD,PD,24,365,,,False,2026-08-26T22:44:32.644Z,"eyesonflock.com API 2026-08-28, CC BY-SA 4.0"
forest-lake-mn-pd,MN,PD,17,30,6,2,True,2026-08-26T09:41:57.561Z,"eyesonflock.com API 2026-08-28, CC BY-SA 4.0"
forest-park-oh-pd,OH,PD,35,30,3142,,True,2026-08-26T22:50:20.069Z,"eyesonflock.com API 2026-08-28, CC BY-SA 4.0"
fort-bragg-ca-pd,CA,PD,7,30,296,264,True,2026-08-27T00:10:53.234Z,"eyesonflock.com API 2026-08-28, CC BY-SA 4.0"
fort-collins-co-pd,CO,PD,15,30,70,,False,2026-06-01T15:23:16.489Z,"eyesonflock.com API 2026-08-28, CC BY-SA 4.0"
fort-smith-ar-pd,AR,PD,44,7,62,,True,2026-08-26T20:04:44.093Z,"eyesonflock.com API 2026-08-28, CC BY-SA 4.0"
fort-wayne-in-pd-,IN,PD,42,180,2862,1485,False,2026-08-26T12:46:28.528Z,"eyesonflock.com API 2026-08-28, CC BY-SA 4.0"
foster-city-ca-pd,CA,PD,28,30,13,,True,2026-08-26T16:33:50.611Z,"eyesonflock.com API 2026-08-28, CC BY-SA 4.0"
fountain-co-pd,CO,PD,25,30,,,False,2026-08-26T09:52:52.230Z,"eyesonflock.com API 2026-08-28, CC BY-SA 4.0"
fountain-valley-ca-pd,CA,PD,10,30,269,,False,2026-08-26T17:40:46.135Z,"eyesonflock.com API 2026-08-28, CC BY-SA 4.0"
framingham-ma-pd,MA,PD,,30,105,,True,2026-08-26T12:55:48.121Z,"eyesonflock.com API 2026-08-28, CC BY-SA 4.0"
franklin-county-il-so,IL,SD,,,,,False,2026-08-26T10:46:21.752Z,"eyesonflock.com API 2026-08-28, CC BY-SA 4.0"
franklin-ma-pd,MA,PD,2,30,,,False,2026-08-26T22:02:26.970Z,"eyesonflock.com API 2026-08-28, CC BY-SA 4.0"
franklin-nj-pd,NJ,PD,28,,,,False,2026-08-26T15:43:31.059Z,"eyesonflock.com API 2026-08-28, CC BY-SA 4.0"
franklin-springs-ga-pd-,GA,PD,4,30,379,,True,2026-08-26T23:55:13.663Z,"eyesonflock.com API 2026-08-28, CC BY-SA 4.0"
franklinton-nc-pd,NC,PD,0,30,138,,True,2026-08-26T11:35:17.679Z,"eyesonflock.com API 2026-08-28, CC BY-SA 4.0"
fredericksburg-city-va-pd,VA,PD,11,21,,,False,2026-08-26T11:47:17.370Z,"eyesonflock.com API 2026-08-28, CC BY-SA 4.0"
fremont-ca-pd,CA,PD,32,90,359,,False,2026-08-26T21:03:07.556Z,"eyesonflock.com API 2026-08-28, CC BY-SA 4.0"
fremont-oh-pd,OH,PD,10,30,1440,,True,2026-08-26T18:50:27.501Z,"eyesonflock.com API 2026-08-28, CC BY-SA 4.0"
fridley-mn-pd,MN,PD,8,30,70,475,True,2026-08-26T23:59:23.034Z,"eyesonflock.com API 2026-08-28, CC BY-SA 4.0"
frisco-tx-pd,TX,PD,130,30,403,,False,2026-08-26T18:39:39.198Z,"eyesonflock.com API 2026-08-28, CC BY-SA 4.0"
front-royal-va-pd,VA,PD,6,21,,,False,2026-08-26T10:09:32.161Z,"eyesonflock.com API 2026-08-28, CC BY-SA 4.0"
fullerton-ca-pd,CA,PD,19,30,329,277,False,2026-08-26T19:10:09.431Z,"eyesonflock.com API 2026-08-28, CC BY-SA 4.0"
gahanna-oh-pd,OH,PD,,30,2074,1435,True,2026-08-26T23:01:14.104Z,"eyesonflock.com API 2026-08-28, CC BY-SA 4.0"
galt-ca-pd,CA,PD,30,30,315,,True,2026-08-26T22:08:16.112Z,"eyesonflock.com API 2026-08-28, CC BY-SA 4.0"
garner-nc-pd,NC,PD,,30,,,False,2026-08-26T09:06:46.543Z,"eyesonflock.com API 2026-08-28, CC BY-SA 4.0"
gastonia-nc-pd,NC,PD,627,30,,,False,2026-08-26T17:59:30.213Z,"eyesonflock.com API 2026-08-28, CC BY-SA 4.0"
geneseo-il-pd-,IL,PD,4,30,372,,False,2026-08-26T09:35:46.118Z,"eyesonflock.com API 2026-08-28, CC BY-SA 4.0"
genoa-township-oh-pd-,OH,PD,3,30,,,False,2026-08-26T18:29:05.848Z,"eyesonflock.com API 2026-08-28, CC BY-SA 4.0"
georgetown-ky-pd,KY,PD,13,30,,,True,2026-08-26T09:09:18.302Z,"eyesonflock.com API 2026-08-28, CC BY-SA 4.0"
gering-ne-pd-,NE,PD,7,30,389,120,False,2026-08-26T18:01:59.264Z,"eyesonflock.com API 2026-08-28, CC BY-SA 4.0"
germantown-wi-pd,WI,PD,12,30,196,355,True,2026-08-26T10:34:28.786Z,"eyesonflock.com API 2026-08-28, CC BY-SA 4.0"
gilroy-ca-pd,CA,PD,58,30,331,291,False,2026-08-26T16:10:28.990Z,"eyesonflock.com API 2026-08-28, CC BY-SA 4.0"
glastonbury-ct-pd,CT,PD,22,21,46,,True,2026-08-26T10:13:38.277Z,"eyesonflock.com API 2026-08-28, CC BY-SA 4.0"
glenarden-md-pd,MD,PD,0,365,1,,True,2026-08-26T14:25:04.095Z,"eyesonflock.com API 2026-08-28, CC BY-SA 4.0"
glendale-ca-pd,CA,PD,118,30,320,,False,2026-08-26T13:59:08.602Z,"eyesonflock.com API 2026-08-28, CC BY-SA 4.0"
goodyear-az-pd,AZ,PD,33,185,,,False,2026-08-26T08:18:31.129Z,"eyesonflock.com API 2026-08-28, CC BY-SA 4.0"
grafton-ma-pd,MA,PD,12,30,90,67,True,2026-08-26T21:59:54.425Z,"eyesonflock.com API 2026-08-28, CC BY-SA 4.0"
grafton-wi-pd,WI,PD,9,30,1287,800,True,2026-08-26T17:30:24.430Z,"eyesonflock.com API 2026-08-28, CC BY-SA 4.0"
grain-valley-mo-pd,MO,PD,12,30,,,False,2026-08-26T15:00:49.697Z,"eyesonflock.com API 2026-08-28, CC BY-SA 4.0"
granbury-tx-pd,TX,PD,26,30,944,,False,2026-08-26T09:19:39.488Z,"eyesonflock.com API 2026-08-28, CC BY-SA 4.0"
granby-co-pd,CO,PD,6,30,,,False,2026-08-26T08:16:56.207Z,"eyesonflock.com API 2026-08-28, CC BY-SA 4.0"
grand-island-ne-pd,NE,PD,9,30,1066,,False,2026-08-26T22:13:57.141Z,"eyesonflock.com API 2026-08-28, CC BY-SA 4.0"
grand-junction-co-pd,CO,PD,,30,71,127,False,2026-07-22T11:16:46.215Z,"eyesonflock.com API 2026-08-28, CC BY-SA 4.0"
grand-rapids-mn-pd,MN,PD,9,30,,,False,2026-08-26T11:42:00.991Z,"eyesonflock.com API 2026-08-28, CC BY-SA 4.0"
grand-traverse-county-mi-so,MI,SD,28,30,1503,,False,2026-08-26T19:39:48.686Z,"eyesonflock.com API 2026-08-28, CC BY-SA 4.0"
grandview-heights-oh-pd,OH,PD,8,30,190,,True,2026-08-26T08:08:04.478Z,"eyesonflock.com API 2026-08-28, CC BY-SA 4.0"
grass-valley-ca-pd,CA,PD,81,30,,,False,2026-08-26T21:53:40.178Z,"eyesonflock.com API 2026-08-28, CC BY-SA 4.0"
great-parks-of-hamilton-county-oh-pd,OH,PD,13,30,,,False,2026-08-26T23:01:38.252Z,"eyesonflock.com API 2026-08-28, CC BY-SA 4.0"
green-bay-wi-pd,WI,PD,46,30,3,,False,2026-08-26T19:17:23.852Z,"eyesonflock.com API 2026-08-28, CC BY-SA 4.0"
green-brook-twp-nj-pd,NJ,PD,5,1095,66,,True,2026-08-26T08:49:38.084Z,"eyesonflock.com API 2026-08-28, CC BY-SA 4.0"
greenfield-in-pd,IN,PD,17,30,2146,,True,2026-08-26T23:29:47.161Z,"eyesonflock.com API 2026-08-28, CC BY-SA 4.0"
greensboro-nc-pd,NC,PD,4,30,198,,False,2026-08-26T17:51:12.490Z,"eyesonflock.com API 2026-08-28, CC BY-SA 4.0"
groesbeck-tx-pd-,TX,PD,8,30,1122,482,True,2026-08-27T00:17:04.671Z,"eyesonflock.com API 2026-08-28, CC BY-SA 4.0"
groton-ma-pd,MA,PD,6,30,1,,False,2026-08-26T16:16:08.687Z,"eyesonflock.com API 2026-08-28, CC BY-SA 4.0"
grottoes-va-pd,VA,PD,7,21,172,150,True,2026-08-26T23:28:13.216Z,"eyesonflock.com API 2026-08-28, CC BY-SA 4.0"
grove-city-oh-pd,OH,PD,33,30,,,False,2026-08-26T20:17:37.964Z,"eyesonflock.com API 2026-08-28, CC BY-SA 4.0"
grover-beach-ca-pd,CA,PD,17,30,302,,False,2026-08-26T12:15:15.334Z,"eyesonflock.com API 2026-08-28, CC BY-SA 4.0"
gurnee-il-pd,IL,PD,39,30,,,False,2026-08-26T21:01:12.197Z,"eyesonflock.com API 2026-08-28, CC BY-SA 4.0"
guthrie-ok-pd,OK,PD,0,30,81,,True,2026-08-26T22:17:00.852Z,"eyesonflock.com API 2026-08-28, CC BY-SA 4.0"
hagerstown-md-pd,MD,PD,20,30,0,42,True,2026-08-26T20:33:09.145Z,"eyesonflock.com API 2026-08-28, CC BY-SA 4.0"
hall-county-ne-so,NE,SD,6,30,46,,False,2026-08-26T11:11:20.227Z,"eyesonflock.com API 2026-08-28, CC BY-SA 4.0"
hamburg-town-ny-pd,NY,PD,7,30,1623,,True,2026-08-26T19:55:49.334Z,"eyesonflock.com API 2026-08-28, CC BY-SA 4.0"
hamilton-county-oh-so,OH,SD,,7,442,2156,False,2026-08-26T19:36:14.332Z,"eyesonflock.com API 2026-08-28, CC BY-SA 4.0"
hamilton-township-oh-pd,OH,PD,22,30,,,False,2026-08-26T21:52:38.553Z,"eyesonflock.com API 2026-08-28, CC BY-SA 4.0"
hamlet-pd-,NC,PD,14,30,251,,True,2026-08-26T21:21:30.030Z,"eyesonflock.com API 2026-08-28, CC BY-SA 4.0"
hampton-va-pd,VA,PD,94,21,,,False,2026-08-26T10:22:58.213Z,"eyesonflock.com API 2026-08-28, CC BY-SA 4.0"
hanford-ca-pd,CA,PD,17,30,336,,True,2026-08-26T18:59:46.044Z,"eyesonflock.com API 2026-08-28, CC BY-SA 4.0"
hannibal-mo-pd,MO,PD,10,30,,,True,2026-08-26T12:56:21.901Z,"eyesonflock.com API 2026-08-28, CC BY-SA 4.0"
hanover-park-il-pd-,IL,PD,13,30,,,False,2026-08-26T16:30:12.474Z,"eyesonflock.com API 2026-08-28, CC BY-SA 4.0"
harrisonburg-va-pd,VA,PD,31,21,,,False,2026-07-22T16:27:01.398Z,"eyesonflock.com API 2026-08-28, CC BY-SA 4.0"
harvey-il-pd,IL,PD,,30,,,False,2026-08-26T17:50:09.490Z,"eyesonflock.com API 2026-08-28, CC BY-SA 4.0"
haysville-ks-pd,KS,PD,8,30,121,89,False,2026-08-26T21:15:47.236Z,"eyesonflock.com API 2026-08-28, CC BY-SA 4.0"
hayward-ca-pd,CA,PD,85,365,,,False,2026-08-26T15:01:21.487Z,"eyesonflock.com API 2026-08-28, CC BY-SA 4.0"
hazelwood-mo-pd,MO,PD,11,30,,,True,2026-08-26T13:37:52.283Z,"eyesonflock.com API 2026-08-28, CC BY-SA 4.0"
healdsburg-ca-pd,CA,PD,31,90,18,95,True,2026-08-26T08:23:09.548Z,"eyesonflock.com API 2026-08-28, CC BY-SA 4.0"
heath-oh-pd,OH,PD,10,30,,,False,2026-08-26T12:10:36.378Z,"eyesonflock.com API 2026-08-28, CC BY-SA 4.0"
heath-tx-dps,TX,PD,32,30,471,,False,2026-08-26T12:50:36.646Z,"eyesonflock.com API 2026-08-28, CC BY-SA 4.0"
hemet-ca-pd-,CA,PD,154,30,365,,False,2026-08-26T10:11:36.478Z,"eyesonflock.com API 2026-08-28, CC BY-SA 4.0"
henderson-county-nc-so-,NC,SD,13,30,2046,,False,2026-08-26T15:52:53.860Z,"eyesonflock.com API 2026-08-28, CC BY-SA 4.0"
hendricks-county-in-so,IN,SD,19,30,,,False,2026-08-26T19:56:54.828Z,"eyesonflock.com API 2026-08-28, CC BY-SA 4.0"
hennepin-county-mn-so,MN,SD,2,30,,,False,2026-08-26T13:46:08.389Z,"eyesonflock.com API 2026-08-28, CC BY-SA 4.0"
henrico-county-va-pd,VA,PD,122,21,,,False,2026-08-26T12:02:20.978Z,"eyesonflock.com API 2026-08-28, CC BY-SA 4.0"
hercules-ca-pd,CA,PD,25,30,334,,False,2026-08-26T23:40:41.398Z,"eyesonflock.com API 2026-08-28, CC BY-SA 4.0"
hermitage-pa-pd,PA,PD,11,30,,,False,2026-06-28T13:07:48.593Z,"eyesonflock.com API 2026-08-28, CC BY-SA 4.0"
herndon-va-pd,VA,PD,11,21,,,False,2026-08-26T14:30:45.773Z,"eyesonflock.com API 2026-08-28, CC BY-SA 4.0"
herrin-il-pd,IL,PD,12,30,1311,,True,2026-08-26T11:42:33.906Z,"eyesonflock.com API 2026-08-28, CC BY-SA 4.0"
hesston-ks-pd,KS,PD,3,30,104,,False,2026-08-26T11:15:26.642Z,"eyesonflock.com API 2026-08-28, CC BY-SA 4.0"
highland-park-mi-pd,MI,PD,18,30,,,False,2026-08-26T16:02:09.151Z,"eyesonflock.com API 2026-08-28, CC BY-SA 4.0"
highland-village-tx,TX,PD,18,30,546,,False,2026-08-26T14:50:34.923Z,"eyesonflock.com API 2026-08-28, CC BY-SA 4.0"
hilliard-oh-pd,OH,PD,15,30,842,,False,2026-08-26T21:57:18.802Z,"eyesonflock.com API 2026-08-28, CC BY-SA 4.0"
hillsborough-ca-pd,CA,PD,22,365,297,,True,2026-08-26T17:55:15.664Z,"eyesonflock.com API 2026-08-28, CC BY-SA 4.0"
hillsborough-nc-pd,NC,PD,,30,,,True,2026-08-26T13:36:18.806Z,"eyesonflock.com API 2026-08-28, CC BY-SA 4.0"
hinckley-il-pd,IL,PD,7,30,1128,,True,2026-08-26T21:35:32.379Z,"eyesonflock.com API 2026-08-28, CC BY-SA 4.0"
hingham-ma-pd,MA,PD,1,30,,,False,2026-08-26T21:50:33.780Z,"eyesonflock.com API 2026-08-28, CC BY-SA 4.0"
hoffman-estates-il-pd,IL,PD,78,30,,,False,2026-08-26T17:15:14.375Z,"eyesonflock.com API 2026-08-28, CC BY-SA 4.0"
hoke-county-nc-so,NC,SD,7,30,,,False,2026-08-26T21:42:45.268Z,"eyesonflock.com API 2026-08-28, CC BY-SA 4.0"
holland-oh-pd,OH,PD,4,30,476,,True,2026-08-26T11:33:44.560Z,"eyesonflock.com API 2026-08-28, CC BY-SA 4.0"
hollister-ca-pd,CA,PD,29,30,319,253,False,2026-08-26T15:36:46.490Z,"eyesonflock.com API 2026-08-28, CC BY-SA 4.0"
hood-co-tx-so,TX,SD,2,30,0,,False,2026-07-22T11:09:29.047Z,"eyesonflock.com API 2026-08-28, CC BY-SA 4.0"
hopewell-va-pd,VA,PD,40,21,,,False,2026-08-26T22:09:16.458Z,"eyesonflock.com API 2026-08-28, CC BY-SA 4.0"
hopkinton-ma-pd,MA,PD,3,30,107,170,True,2026-08-26T18:16:32.538Z,"eyesonflock.com API 2026-08-28, CC BY-SA 4.0"
hubbard-oh-pd,OH,PD,6,30,,,False,2026-08-26T18:55:38.446Z,"eyesonflock.com API 2026-08-28, CC BY-SA 4.0"
hudson-nc-pd,NC,PD,2,30,123,,True,2026-08-26T14:33:24.569Z,"eyesonflock.com API 2026-08-28, CC BY-SA 4.0"
hudson-wi-pd,WI,PD,16,30,1323,502,True,2026-08-26T08:31:29.672Z,"eyesonflock.com API 2026-08-28, CC BY-SA 4.0"
humboldt-county-ca-so,CA,SD,11,30,22,,True,2026-08-26T09:37:18.555Z,"eyesonflock.com API 2026-08-28, CC BY-SA 4.0"
huntersville-pd-nc,NC,PD,36,30,,,False,2026-08-26T15:18:08.115Z,"eyesonflock.com API 2026-08-28, CC BY-SA 4.0"
huntsville-airport-al-pd,AL,PD,2,30,213,,True,2026-08-26T10:03:49.361Z,"eyesonflock.com API 2026-08-28, CC BY-SA 4.0"
huron-oh-pd,OH,PD,8,30,2161,2063,True,2026-08-26T19:32:58.108Z,"eyesonflock.com API 2026-08-28, CC BY-SA 4.0"
hutto-tx-pd,TX,PD,10,30,,,False,2026-08-26T20:52:51.536Z,"eyesonflock.com API 2026-08-28, CC BY-SA 4.0"
ia-storm-lake-pd,IA,PD,25,30,,,False,2026-08-26T23:05:24.739Z,"eyesonflock.com API 2026-08-28, CC BY-SA 4.0"
idaho-falls-id-pd,ID,PD,20,30,477,,True,2026-08-26T11:10:47.559Z,"eyesonflock.com API 2026-08-28, CC BY-SA 4.0"
idaho-springs-co-pd-,CO,PD,4,21,,87,True,2026-08-26T12:16:54.479Z,"eyesonflock.com API 2026-08-28, CC BY-SA 4.0"
indialantic-fl-pd,FL,PD,14,30,,,False,2026-08-26T18:52:40.860Z,"eyesonflock.com API 2026-08-28, CC BY-SA 4.0"
indian-hill-oh-pd,OH,PD,33,30,,,False,2026-08-26T09:55:56.537Z,"eyesonflock.com API 2026-08-28, CC BY-SA 4.0"
indianola-ia-pd,IA,PD,8,30,0,,True,2026-08-26T15:14:52.469Z,"eyesonflock.com API 2026-08-28, CC BY-SA 4.0"
iowa-colony-tx-pd,TX,PD,27,30,671,,True,2026-08-26T13:43:03.032Z,"eyesonflock.com API 2026-08-28, CC BY-SA 4.0"
iowa-state-university-ia-pd,IA,PD,36,30,,,True,2026-08-26T15:37:34.436Z,"eyesonflock.com API 2026-08-28, CC BY-SA 4.0"
isle-of-palms-sc-pd,SC,PD,1,7,105,723,True,2026-08-26T14:55:05.691Z,"eyesonflock.com API 2026-08-28, CC BY-SA 4.0"
isle-of-wight-county-va-so,VA,SD,12,21,,,False,2026-08-26T20:54:57.497Z,"eyesonflock.com API 2026-08-28, CC BY-SA 4.0"
ithaca-city-ny-pd,NY,PD,21,30,7,,True,2026-06-01T11:59:01.780Z,"eyesonflock.com API 2026-08-28, CC BY-SA 4.0"
jackson-mi-pd,MI,PD,10,30,,,False,2026-08-26T12:38:08.370Z,"eyesonflock.com API 2026-08-28, CC BY-SA 4.0"
jackson-township-oh-pd-mahoning-county,OH,PD,0,30,,,False,2026-08-26T23:11:36.991Z,"eyesonflock.com API 2026-08-28, CC BY-SA 4.0"
jacksonville-ar-pd,AR,PD,117,30,1100,272,True,2026-08-26T10:45:49.195Z,"eyesonflock.com API 2026-08-28, CC BY-SA 4.0"
james-city-county-va-pd,VA,SD,20,21,,,False,2026-08-26T09:05:40.593Z,"eyesonflock.com API 2026-08-28, CC BY-SA 4.0"
jemison-al-pd,AL,PD,3,30,,,False,2026-08-26T13:05:42.316Z,"eyesonflock.com API 2026-08-28, CC BY-SA 4.0"
johnson-city-tn-pd,TN,PD,147,30,150,,True,2026-08-26T20:29:35.498Z,"eyesonflock.com API 2026-08-28, CC BY-SA 4.0"
johnson-county-in-so,IN,SD,12,30,,,False,2026-08-26T12:34:04.629Z,"eyesonflock.com API 2026-08-28, CC BY-SA 4.0"
johnston-ia-pd,IA,PD,19,30,1313,,True,2026-08-26T16:17:41.896Z,"eyesonflock.com API 2026-08-28, CC BY-SA 4.0"
johnston-ri-pd,RI,PD,5,30,,,False,2026-08-26T16:40:34.353Z,"eyesonflock.com API 2026-08-28, CC BY-SA 4.0"
joplin-mo-pd,MO,PD,11,30,,,True,2026-08-26T23:18:51.603Z,"eyesonflock.com API 2026-08-28, CC BY-SA 4.0"
junction-city-ks-pd,KS,PD,24,30,1374,,True,2026-08-26T14:48:58.872Z,"eyesonflock.com API 2026-08-28, CC BY-SA 4.0"
jupiter-inlet-colony-fl-pd,FL,PD,2,30,0,,True,2026-08-26T15:29:57.869Z,"eyesonflock.com API 2026-08-28, CC BY-SA 4.0"
kearney-ne-pd,NE,PD,31,30,,,False,2026-08-26T12:19:00.356Z,"eyesonflock.com API 2026-08-28, CC BY-SA 4.0"
keller-tx-pd-,TX,PD,11,30,,,False,2026-08-26T14:04:52.967Z,"eyesonflock.com API 2026-08-28, CC BY-SA 4.0"
kemah-tx-pd,TX,PD,40,30,455,,True,2026-08-26T13:26:57.329Z,"eyesonflock.com API 2026-08-28, CC BY-SA 4.0"
kensington-ca-pd,CA,PD,0,30,4,,False,2026-08-26T10:07:24.930Z,"eyesonflock.com API 2026-08-28, CC BY-SA 4.0"
kent-wa-pd,WA,PD,19,21,101,,True,2026-08-26T22:28:55.723Z,"eyesonflock.com API 2026-08-28, CC BY-SA 4.0"
kern-county-ca-so-,CA,SD,66,30,329,,False,2026-08-26T13:47:47.955Z,"eyesonflock.com API 2026-08-28, CC BY-SA 4.0"
killeen-tx-pd,TX,PD,71,30,1174,,False,2026-08-26T22:20:43.674Z,"eyesonflock.com API 2026-08-28, CC BY-SA 4.0"
king-george-county-va-so,VA,SD,14,21,,,False,2026-08-26T11:29:00.588Z,"eyesonflock.com API 2026-08-28, CC BY-SA 4.0"
king-william-county-va-so,VA,SD,8,21,,,False,2026-08-26T15:31:30.678Z,"eyesonflock.com API 2026-08-28, CC BY-SA 4.0"
kings-county-ca-das-office,CA,PD,6,30,271,,True,2026-08-26T12:36:07.114Z,"eyesonflock.com API 2026-08-28, CC BY-SA 4.0"
kings-county-sheriffs-office-ca-,CA,SD,10,30,298,,True,2026-08-26T17:10:37.864Z,"eyesonflock.com API 2026-08-28, CC BY-SA 4.0"
lafayette-la-pd,LA,PD,,30,,,False,2026-08-26T20:46:11.717Z,"eyesonflock.com API 2026-08-28, CC BY-SA 4.0"
lafayette-pd-in,IN,PD,30,30,2165,1154,False,2026-08-26T19:34:35.559Z,"eyesonflock.com API 2026-08-28, CC BY-SA 4.0"
lake-bluff-il-pd-,IL,PD,6,14,46,,False,2026-08-26T15:51:19.189Z,"eyesonflock.com API 2026-08-28, CC BY-SA 4.0"
lake-city-mn-pd,MN,PD,3,30,502,126,True,2026-08-26T11:16:32.278Z,"eyesonflock.com API 2026-08-28, CC BY-SA 4.0"
lake-county-ca-so,CA,SD,25,30,323,,False,2026-08-26T13:32:06.631Z,"eyesonflock.com API 2026-08-28, CC BY-SA 4.0"
lake-stevens-wa-pd,WA,PD,4,21,,,False,2026-08-26T22:10:17.537Z,"eyesonflock.com API 2026-08-28, CC BY-SA 4.0"
lakeshore-homes-association-ca-,CA,PD,8,30,10,,True,2026-08-26T18:49:24.524Z,"eyesonflock.com API 2026-08-28, CC BY-SA 4.0"
lakeway-tx-pd,TX,PD,12,30,,,False,2026-08-26T17:04:57.015Z,"eyesonflock.com API 2026-08-28, CC BY-SA 4.0"
lakewood-wa-pd,WA,PD,58,21,80,,False,2026-08-26T22:43:28.134Z,"eyesonflock.com API 2026-08-28, CC BY-SA 4.0"
lander-university-sc-pd,SC,PD,8,30,150,,True,2026-08-26T08:53:15.803Z,"eyesonflock.com API 2026-08-28, CC BY-SA 4.0"
largo-fl-pd,FL,PD,,,,,False,2026-02-25T09:44:08.930Z,"eyesonflock.com API 2026-08-28, CC BY-SA 4.0"
las-vegas-metro-nv-pd,NV,PD,211,90,,,False,2026-08-26T19:37:51.032Z,"eyesonflock.com API 2026-08-28, CC BY-SA 4.0"
lassen-county-so-ca,CA,SD,11,30,231,,True,2026-08-26T17:29:16.105Z,"eyesonflock.com API 2026-08-28, CC BY-SA 4.0"
lathrop-ca-pd-,CA,PD,6,90,306,,True,2026-08-26T10:50:03.781Z,"eyesonflock.com API 2026-08-28, CC BY-SA 4.0"
lawton-ok-pd,OK,PD,29,30,,,False,2026-08-26T16:47:47.054Z,"eyesonflock.com API 2026-08-28, CC BY-SA 4.0"
le-mars-ia-pd,IA,PD,5,30,,,False,2026-08-26T16:57:42.241Z,"eyesonflock.com API 2026-08-28, CC BY-SA 4.0"
leavenworth-ks-pd,KS,PD,19,30,,,False,2026-08-26T14:09:04.006Z,"eyesonflock.com API 2026-08-28, CC BY-SA 4.0"
lebanon-oh-pd,OH,PD,,30,,,False,2026-08-26T10:51:36.295Z,"eyesonflock.com API 2026-08-28, CC BY-SA 4.0"
lees-summit-mo-pd,MO,PD,54,30,1562,,False,2026-08-26T12:42:22.052Z,"eyesonflock.com API 2026-08-28, CC BY-SA 4.0"
leitchfield-ky-pd,KY,PD,9,30,,,False,2026-08-26T21:42:15.715Z,"eyesonflock.com API 2026-08-28, CC BY-SA 4.0"
lewisville-tx-pd,TX,PD,31,30,373,549,False,2026-08-26T21:05:30.822Z,"eyesonflock.com API 2026-08-28, CC BY-SA 4.0"
lexington-sc-pd,SC,PD,10,7,,,False,2026-08-26T22:19:38.181Z,"eyesonflock.com API 2026-08-28, CC BY-SA 4.0"
lincoln-ca-pd,CA,PD,23,30,355,,True,2026-08-26T14:51:00.442Z,"eyesonflock.com API 2026-08-28, CC BY-SA 4.0"
lincoln-county-so-ne,NE,SD,6,30,,,False,2026-08-26T20:47:43.176Z,"eyesonflock.com API 2026-08-28, CC BY-SA 4.0"
little-rock-ar-pd,AR,PD,115,30,,,False,2026-08-26T12:19:31.918Z,"eyesonflock.com API 2026-08-28, CC BY-SA 4.0"
live-oak-tx-pd-,TX,PD,28,30,,,False,2026-08-26T11:37:53.315Z,"eyesonflock.com API 2026-08-28, CC BY-SA 4.0"
livermore-ca-pd,CA,PD,,365,339,,False,2026-08-26T15:15:56.045Z,"eyesonflock.com API 2026-08-28, CC BY-SA 4.0"
livingston-ca-pd,CA,PD,26,30,104,157,True,2026-08-26T22:39:50.436Z,"eyesonflock.com API 2026-08-28, CC BY-SA 4.0"
livonia-mi-pd,MI,PD,22,14,,,False,2026-08-26T10:10:00.237Z,"eyesonflock.com API 2026-08-28, CC BY-SA 4.0"
lockney-pd-tx,TX,PD,0,,,,False,2026-08-26T15:30:58.662Z,"eyesonflock.com API 2026-08-28, CC BY-SA 4.0"
lodi-ca-pd,CA,PD,19,30,376,,False,2026-08-26T19:19:33.628Z,"eyesonflock.com API 2026-08-28, CC BY-SA 4.0"
lompoc-ca-pd,CA,PD,48,30,,,False,2026-08-27T00:26:28.993Z,"eyesonflock.com API 2026-08-28, CC BY-SA 4.0"
lone-peak-ut-pd,UT,PD,12,30,,,False,2026-08-26T09:03:04.542Z,"eyesonflock.com API 2026-08-28, CC BY-SA 4.0"
longmont-co-pd,CO,PD,0,30,,,False,2026-06-01T12:52:33.935Z,"eyesonflock.com API 2026-08-28, CC BY-SA 4.0"
lorain-oh-pd,OH,PD,39,30,,,False,2026-08-26T09:00:57.276Z,"eyesonflock.com API 2026-08-28, CC BY-SA 4.0"
los-altos-ca-pd,CA,PD,25,30,41,,False,2026-08-26T09:01:02.999Z,"eyesonflock.com API 2026-08-28, CC BY-SA 4.0"
los-gatos-ca-pd,CA,PD,17,30,15,,False,2026-08-26T09:21:12.994Z,"eyesonflock.com API 2026-08-28, CC BY-SA 4.0"
louisiana-mo-pd,MO,PD,7,30,0,155,True,2026-08-26T09:03:40.991Z,"eyesonflock.com API 2026-08-28, CC BY-SA 4.0"
louisville-co-pd,CO,PD,,30,0,,False,2026-08-26T18:24:54.914Z,"eyesonflock.com API 2026-08-28, CC BY-SA 4.0"
loveland-oh-pd,OH,PD,10,30,,,False,2026-08-26T11:57:36.643Z,"eyesonflock.com API 2026-08-28, CC BY-SA 4.0"
lubbock-county-tx-so-,TX,SD,,30,,,False,2026-08-26T17:37:06.821Z,"eyesonflock.com API 2026-08-28, CC BY-SA 4.0"
lynchburg-va-pd,VA,PD,15,21,,,False,2026-08-26T22:46:36.134Z,"eyesonflock.com API 2026-08-28, CC BY-SA 4.0"
lynn-haven-fl-pd,FL,PD,5,30,1721,235,True,2026-08-26T12:30:53.043Z,"eyesonflock.com API 2026-08-28, CC BY-SA 4.0"
lynnwood-wa-pd,WA,PD,0,7,,,False,2026-08-26T08:58:56.549Z,"eyesonflock.com API 2026-08-28, CC BY-SA 4.0"
madeira-oh-pd,OH,PD,21,30,,,True,2026-08-26T12:29:20.921Z,"eyesonflock.com API 2026-08-28, CC BY-SA 4.0"
madera-ca-pd,CA,PD,8,30,207,,True,2026-08-26T23:23:33.671Z,"eyesonflock.com API 2026-08-28, CC BY-SA 4.0"
madison-sd-pd-,SD,PD,29,30,72,,False,2026-08-26T18:12:56.791Z,"eyesonflock.com API 2026-08-28, CC BY-SA 4.0"
mahoning-twp-pa-pd,PA,PD,8,30,,,False,2026-08-27T00:22:18.722Z,"eyesonflock.com API 2026-08-28, CC BY-SA 4.0"
mammoth-lakes-ca-pd,CA,PD,15,30,0,,False,2026-08-26T22:36:12.204Z,"eyesonflock.com API 2026-08-28, CC BY-SA 4.0"
manassas-park-va-pd,VA,PD,8,21,,,False,2026-08-26T22:59:03.695Z,"eyesonflock.com API 2026-08-28, CC BY-SA 4.0"
mansfield-oh-pd,OH,PD,86,30,,,False,2026-08-27T00:03:00.721Z,"eyesonflock.com API 2026-08-28, CC BY-SA 4.0"
manteca-ca-pd,CA,PD,82,30,364,,True,2026-06-01T17:25:19.430Z,"eyesonflock.com API 2026-08-28, CC BY-SA 4.0"
maple-bluff-wi-pd,WI,PD,17,30,195,,False,2026-08-26T20:18:42.149Z,"eyesonflock.com API 2026-08-28, CC BY-SA 4.0"
maple-grove-mn-pd,MN,PD,1,30,73,,False,2026-08-26T20:55:28.171Z,"eyesonflock.com API 2026-08-28, CC BY-SA 4.0"
margaret-al-pd,AL,PD,6,30,227,,True,2026-08-26T10:46:55.618Z,"eyesonflock.com API 2026-08-28, CC BY-SA 4.0"
marin-county-ca-so,CA,SD,29,30,21,,False,2026-08-26T16:59:44.262Z,"eyesonflock.com API 2026-08-28, CC BY-SA 4.0"
marina-ca-pd,CA,PD,36,30,287,,False,2026-08-26T10:14:39.558Z,"eyesonflock.com API 2026-08-28, CC BY-SA 4.0"
marine-city-mi-pd,MI,PD,2,30,,,False,2026-08-26T08:01:19.871Z,"eyesonflock.com API 2026-08-28, CC BY-SA 4.0"
marion-county-oh-so,OH,SD,34,30,2250,,False,2026-08-26T20:05:14.791Z,"eyesonflock.com API 2026-08-28, CC BY-SA 4.0"
marion-oh-pd,OH,PD,0,,,,False,2026-03-26T09:50:52.727Z,"eyesonflock.com API 2026-08-28, CC BY-SA 4.0"
marion-va-pd,VA,PD,8,21,7,19,True,2026-08-26T19:55:20.634Z,"eyesonflock.com API 2026-08-28, CC BY-SA 4.0"
marseilles-il-pd,IL,PD,10,30,424,1345,True,2026-08-26T16:00:08.074Z,"eyesonflock.com API 2026-08-28, CC BY-SA 4.0"
martinsville-in-pd,IN,PD,6,30,,,False,2026-08-26T21:37:37.198Z,"eyesonflock.com API 2026-08-28, CC BY-SA 4.0"
martinsville-va-pd,VA,PD,41,21,,,False,2026-08-26T11:39:58.452Z,"eyesonflock.com API 2026-08-28, CC BY-SA 4.0"
marysville-oh-pd,OH,PD,14,30,,,False,2026-08-26T16:48:53.061Z,"eyesonflock.com API 2026-08-28, CC BY-SA 4.0"
marysville-wa-pd,WA,PD,30,21,78,,True,2026-08-26T11:20:44.210Z,"eyesonflock.com API 2026-08-28, CC BY-SA 4.0"
maryville-tn-pd,TN,PD,16,30,2171,,True,2026-08-26T14:57:43.664Z,"eyesonflock.com API 2026-08-28, CC BY-SA 4.0"
mathews-county-va-so,VA,SD,6,21,162,,False,2026-08-26T09:00:31.489Z,"eyesonflock.com API 2026-08-28, CC BY-SA 4.0"
mcdonough-ga-pd,GA,PD,63,30,1982,,False,2026-08-26T12:01:17.087Z,"eyesonflock.com API 2026-08-28, CC BY-SA 4.0"
mchenry-il-pd,IL,PD,,,469,,False,2026-08-26T11:51:56.422Z,"eyesonflock.com API 2026-08-28, CC BY-SA 4.0"
mecklenburg-county-va-so,VA,SD,15,21,,,False,2026-08-26T12:57:19.230Z,"eyesonflock.com API 2026-08-28, CC BY-SA 4.0"
medford-or-pd,OR,PD,,30,23,73,True,2026-08-26T20:27:56.516Z,"eyesonflock.com API 2026-08-28, CC BY-SA 4.0"
medina-mn-pd,MN,PD,4,30,69,188,False,2026-08-26T15:38:51.163Z,"eyesonflock.com API 2026-08-28, CC BY-SA 4.0"
medina-wa-pd,WA,PD,23,21,0,1,False,2026-08-26T21:09:34.778Z,"eyesonflock.com API 2026-08-28, CC BY-SA 4.0"
menasha-wi-pd,WI,PD,8,30,1363,913,False,2026-08-26T08:29:21.767Z,"eyesonflock.com API 2026-08-28, CC BY-SA 4.0"
mendocino-county-soca,CA,SD,8,30,308,404,True,2026-08-26T19:06:31.589Z,"eyesonflock.com API 2026-08-28, CC BY-SA 4.0"
menifee-ca-pd,CA,PD,44,30,353,,False,2026-08-26T16:11:02.853Z,"eyesonflock.com API 2026-08-28, CC BY-SA 4.0"
menlo-park-ca-pd,CA,PD,35,30,5,,True,2026-08-26T08:39:14.655Z,"eyesonflock.com API 2026-08-28, CC BY-SA 4.0"
mentor-on-the-lake-oh-pd,OH,PD,3,30,,,False,2026-08-26T10:52:06.370Z,"eyesonflock.com API 2026-08-28, CC BY-SA 4.0"
merced-county-ca-so,CA,SD,,30,,,False,2026-08-26T15:34:40.263Z,"eyesonflock.com API 2026-08-28, CC BY-SA 4.0"
mesa-county-co-so,CO,SD,11,30,65,,False,2026-08-26T13:00:25.216Z,"eyesonflock.com API 2026-08-28, CC BY-SA 4.0"
metropolis-il-pd,IL,PD,9,30,983,,True,2026-08-26T08:04:58.143Z,"eyesonflock.com API 2026-08-28, CC BY-SA 4.0"
mi-village-of-middleville,MI,PD,6,30,,,False,2026-08-26T21:36:02.177Z,"eyesonflock.com API 2026-08-28, CC BY-SA 4.0"
miami-county-oh-so,OH,SD,13,30,,,False,2026-08-26T16:47:51.757Z,"eyesonflock.com API 2026-08-28, CC BY-SA 4.0"
miami-township-oh-pd-clermont,OH,PD,33,30,,,False,2026-08-26T15:49:44.937Z,"eyesonflock.com API 2026-08-28, CC BY-SA 4.0"
michigan-city-in-pd,IN,PD,60,30,2193,,False,2026-08-26T09:31:05.953Z,"eyesonflock.com API 2026-08-28, CC BY-SA 4.0"
middleburg-heights-oh-pd,OH,PD,,30,444,,False,2026-08-26T15:17:29.681Z,"eyesonflock.com API 2026-08-28, CC BY-SA 4.0"
midlothian-tx-pd,TX,PD,50,30,220,,True,2026-08-26T16:51:28.719Z,"eyesonflock.com API 2026-08-28, CC BY-SA 4.0"
milan-mi-pd,MI,PD,5,30,,,False,2026-08-26T22:34:39.039Z,"eyesonflock.com API 2026-08-28, CC BY-SA 4.0"
milford-ct-pd,CT,PD,,,1,,True,2026-08-26T10:19:22.071Z,"eyesonflock.com API 2026-08-28, CC BY-SA 4.0"
mill-creek-wa-pd,WA,PD,,,,,False,2026-08-26T21:34:29.388Z,"eyesonflock.com API 2026-08-28, CC BY-SA 4.0"
mill-valley-ca-pd,CA,PD,10,30,6,,False,2026-08-26T22:32:33.983Z,"eyesonflock.com API 2026-08-28, CC BY-SA 4.0"
milton-in-pd,IN,PD,2,30,,,False,2026-08-26T19:22:37.142Z,"eyesonflock.com API 2026-08-28, CC BY-SA 4.0"
mineral-county-nv-so,NV,SD,4,30,571,,True,2026-08-26T10:18:20.029Z,"eyesonflock.com API 2026-08-28, CC BY-SA 4.0"
minerva-park-oh-pd,OH,PD,,30,,,False,2026-08-26T18:20:17.400Z,"eyesonflock.com API 2026-08-28, CC BY-SA 4.0"
minster-oh-pd,OH,PD,9,30,1371,1092,True,2026-08-26T15:22:17.062Z,"eyesonflock.com API 2026-08-28, CC BY-SA 4.0"
mint-hill-nc-pd,NC,PD,19,30,1928,,True,2026-08-26T21:44:21.557Z,"eyesonflock.com API 2026-08-28, CC BY-SA 4.0"
modoc-county-ca-so,CA,SD,7,30,310,,True,2026-08-26T20:19:42.511Z,"eyesonflock.com API 2026-08-28, CC BY-SA 4.0"
monona-wi-pd,WI,PD,4,30,1525,,False,2026-05-04T14:53:12.558Z,"eyesonflock.com API 2026-08-28, CC BY-SA 4.0"
monongalia-wv-county-so,WV,SD,20,21,,,True,2026-08-26T19:02:22.061Z,"eyesonflock.com API 2026-08-28, CC BY-SA 4.0"
monroe-mi-pd,MI,PD,16,30,,,False,2026-08-26T11:34:16.645Z,"eyesonflock.com API 2026-08-28, CC BY-SA 4.0"
monroe-wa-pd,WA,PD,,21,,,False,2026-08-26T18:28:33.440Z,"eyesonflock.com API 2026-08-28, CC BY-SA 4.0"
monrovia-ca-pd,CA,PD,24,30,325,,True,2026-08-26T23:13:10.789Z,"eyesonflock.com API 2026-08-28, CC BY-SA 4.0"
monson-ma-pd,MA,PD,4,7,79,,False,2026-08-26T10:20:55.175Z,"eyesonflock.com API 2026-08-28, CC BY-SA 4.0"
montclair-ca-pd,CA,PD,60,30,332,,True,2026-08-26T08:58:27.186Z,"eyesonflock.com API 2026-08-28, CC BY-SA 4.0"
monte-sereno-ca-pd,CA,PD,20,30,15,,False,2026-08-26T18:57:10.965Z,"eyesonflock.com API 2026-08-28, CC BY-SA 4.0"
monterey-ca-pd,CA,PD,37,30,14,,False,2026-08-26T14:54:06.325Z,"eyesonflock.com API 2026-08-28, CC BY-SA 4.0"
monterey-park-ca-pd,CA,PD,34,30,242,,True,2026-08-26T17:52:10.820Z,"eyesonflock.com API 2026-08-28, CC BY-SA 4.0"
montgomery-county-va-so,VA,SD,4,21,,,False,2026-08-26T09:50:16.589Z,"eyesonflock.com API 2026-08-28, CC BY-SA 4.0"
montgomery-twp-nj-pd,NJ,PD,7,,,,False,2026-08-26T20:20:44.287Z,"eyesonflock.com API 2026-08-28, CC BY-SA 4.0"
monument-co-pd,CO,PD,6,30,,,False,2026-08-26T20:15:32.400Z,"eyesonflock.com API 2026-08-28, CC BY-SA 4.0"
mooresville-in-pd,IN,PD,7,30,,,False,2026-08-26T10:33:23.715Z,"eyesonflock.com API 2026-08-28, CC BY-SA 4.0"
mooresville-nc-pd,NC,PD,72,30,,,False,2026-08-26T14:10:37.541Z,"eyesonflock.com API 2026-08-28, CC BY-SA 4.0"
moorhead-mn-pd,MN,PD,8,30,,,False,2026-08-26T21:30:16.136Z,"eyesonflock.com API 2026-08-28, CC BY-SA 4.0"
morgan-hill-ca-pd,CA,PD,66,30,314,,False,2026-08-26T20:24:53.351Z,"eyesonflock.com API 2026-08-28, CC BY-SA 4.0"
morgans-point-pd-tx,TX,PD,4,30,477,,False,2026-08-26T12:56:48.397Z,"eyesonflock.com API 2026-08-28, CC BY-SA 4.0"
morgans-point-resort-tx-pd,TX,PD,8,30,468,,False,2026-08-26T09:50:51.712Z,"eyesonflock.com API 2026-08-28, CC BY-SA 4.0"
morton-il-pd,IL,PD,26,30,421,,True,2026-08-26T18:05:11.726Z,"eyesonflock.com API 2026-08-28, CC BY-SA 4.0"
moses-lake-wa-pd,WA,PD,13,21,77,63,False,2026-08-26T17:57:21.846Z,"eyesonflock.com API 2026-08-28, CC BY-SA 4.0"
mounds-view-mn-pd,MN,PD,10,30,71,,False,2026-08-26T10:41:41.525Z,"eyesonflock.com API 2026-08-28, CC BY-SA 4.0"
moundville-al-pd,AL,PD,2,30,194,,False,2026-08-26T17:42:20.228Z,"eyesonflock.com API 2026-08-28, CC BY-SA 4.0"
mount-dora-fl-pd,FL,PD,6,30,579,,True,2026-08-26T22:40:21.276Z,"eyesonflock.com API 2026-08-28, CC BY-SA 4.0"
mount-orab-oh-pd,OH,PD,3,30,277,,True,2026-08-26T12:25:11.258Z,"eyesonflock.com API 2026-08-28, CC BY-SA 4.0"
mount-pleasant-sc-pd,SC,PD,22,7,1377,818,True,2026-08-26T16:12:04.850Z,"eyesonflock.com API 2026-08-28, CC BY-SA 4.0"
mount-vernon-oh-pd,OH,PD,8,30,,,False,2026-08-26T10:03:17.252Z,"eyesonflock.com API 2026-08-28, CC BY-SA 4.0"
mount-vernon-wa-pd,WA,PD,6,21,49,,True,2026-08-26T10:55:44.672Z,"eyesonflock.com API 2026-08-28, CC BY-SA 4.0"
mountain-view-ca-pd,CA,PD,16,30,0,,False,2026-08-26T09:43:30.044Z,"eyesonflock.com API 2026-08-28, CC BY-SA 4.0"
mt-holly-nc-pd,NC,PD,24,30,,,False,2026-08-26T21:17:24.187Z,"eyesonflock.com API 2026-08-28, CC BY-SA 4.0"
mt-juliet-tn-pd,TN,PD,,,145,,False,2026-08-26T11:05:36.941Z,"eyesonflock.com API 2026-08-28, CC BY-SA 4.0"
mukilteo-wa-pd,WA,PD,10,21,71,72,True,2026-08-26T11:39:26.827Z,"eyesonflock.com API 2026-08-28, CC BY-SA 4.0"
muncie-in-pd,IN,PD,,30,,,False,2026-07-22T19:37:15.165Z,"eyesonflock.com API 2026-08-28, CC BY-SA 4.0"
mundelein-il-pd,IL,PD,11,30,,,False,2026-08-26T23:37:33.092Z,"eyesonflock.com API 2026-08-28, CC BY-SA 4.0"
murfreesboro-tn-pd,TN,PD,,30,149,,False,2026-08-26T23:15:12.743Z,"eyesonflock.com API 2026-08-28, CC BY-SA 4.0"
murrieta-ca-pd,CA,PD,79,30,322,,False,2026-08-26T23:49:35.110Z,"eyesonflock.com API 2026-08-28, CC BY-SA 4.0"
muskegon-mi-pd,MI,PD,22,30,,,False,2026-08-26T16:23:27.272Z,"eyesonflock.com API 2026-08-28, CC BY-SA 4.0"
muskogee-ok-pd,OK,PD,10,30,,,False,2026-08-26T08:27:16.930Z,"eyesonflock.com API 2026-08-28, CC BY-SA 4.0"
nags-head-nc-pd,NC,PD,12,30,205,1207,True,2026-08-26T10:49:34.247Z,"eyesonflock.com API 2026-08-28, CC BY-SA 4.0"
napa-ca-pd,CA,PD,17,30,281,,False,2026-08-26T12:41:18.009Z,"eyesonflock.com API 2026-08-28, CC BY-SA 4.0"
napa-county-ca-so,CA,SD,13,30,326,307,False,2026-08-26T18:22:22.900Z,"eyesonflock.com API 2026-08-28, CC BY-SA 4.0"
napoleon-twp-mi-pd,MI,PD,,30,,,False,2026-08-26T19:48:00.125Z,"eyesonflock.com API 2026-08-28, CC BY-SA 4.0"
nashville-nc-pd-,NC,PD,12,30,179,,True,2026-08-26T23:11:06.340Z,"eyesonflock.com API 2026-08-28, CC BY-SA 4.0"
nassau-bay-tx-pd-,TX,PD,13,30,484,,False,2026-08-26T18:28:03.688Z,"eyesonflock.com API 2026-08-28, CC BY-SA 4.0"
national-city-ca-pd,CA,PD,91,30,313,,False,2026-08-26T09:11:54.191Z,"eyesonflock.com API 2026-08-28, CC BY-SA 4.0"
nc-fuquay-varina-pd,NC,PD,15,30,,,False,2026-08-26T22:22:14.418Z,"eyesonflock.com API 2026-08-28, CC BY-SA 4.0"
ncric,CA,PD,24,30,,,False,2026-08-26T10:21:55.131Z,"eyesonflock.com API 2026-08-28, CC BY-SA 4.0"
nd-west-fargo-pd,ND,PD,54,30,,,True,2026-08-27T00:30:32.759Z,"eyesonflock.com API 2026-08-28, CC BY-SA 4.0"
ness-county-ks-so,KS,SD,1,30,613,,False,2026-08-26T20:38:54.680Z,"eyesonflock.com API 2026-08-28, CC BY-SA 4.0"
nevada-county-ca-so,CA,SD,25,30,,,False,2026-08-26T11:08:12.372Z,"eyesonflock.com API 2026-08-28, CC BY-SA 4.0"
new-braunfels-tx-pd,TX,PD,60,30,,,False,2026-08-26T13:48:48.807Z,"eyesonflock.com API 2026-08-28, CC BY-SA 4.0"
new-brighton-dept-of-pub-safety-mn,MN,PD,6,30,345,,True,2026-08-26T20:16:05.520Z,"eyesonflock.com API 2026-08-28, CC BY-SA 4.0"
new-market-va-pd,VA,PD,5,21,,,False,2026-08-26T14:53:00.924Z,"eyesonflock.com API 2026-08-28, CC BY-SA 4.0"
new-prague-mn-pd,MN,PD,4,30,,,True,2026-08-26T10:33:55.480Z,"eyesonflock.com API 2026-08-28, CC BY-SA 4.0"
newburgh-heights-oh-pd-,OH,PD,12,30,1102,,True,2026-08-26T12:47:02.407Z,"eyesonflock.com API 2026-08-28, CC BY-SA 4.0"
newcastle-wa-pd,WA,PD,0,30,78,,False,2026-08-26T09:54:24.237Z,"eyesonflock.com API 2026-08-28, CC BY-SA 4.0"
newport-beach-pd-ca,CA,PD,82,365,302,,True,2026-08-26T10:42:46.007Z,"eyesonflock.com API 2026-08-28, CC BY-SA 4.0"
newport-news-va-pd,VA,PD,153,21,,,False,2026-08-26T20:48:15.653Z,"eyesonflock.com API 2026-08-28, CC BY-SA 4.0"
newport-ri-pd,RI,PD,6,30,,204,True,2026-08-26T21:18:55.440Z,"eyesonflock.com API 2026-08-28, CC BY-SA 4.0"
newtown-ct-pd,CT,PD,,30,,,False,2026-08-26T08:18:31.876Z,"eyesonflock.com API 2026-08-28, CC BY-SA 4.0"
niles-oh-pd,OH,PD,,30,2090,,False,2026-08-26T17:09:06.394Z,"eyesonflock.com API 2026-08-28, CC BY-SA 4.0"
nixa-mo-pd,MO,PD,4,30,1299,,True,2026-08-26T14:16:48.870Z,"eyesonflock.com API 2026-08-28, CC BY-SA 4.0"
norfolk-va-pd,VA,PD,175,21,,,False,2026-08-26T12:27:21.100Z,"eyesonflock.com API 2026-08-28, CC BY-SA 4.0"
normal-il-pd-,IL,PD,56,30,,,False,2026-08-26T20:15:06.741Z,"eyesonflock.com API 2026-08-28, CC BY-SA 4.0"
north-canton-oh-pd,OH,PD,5,30,,,False,2026-08-26T13:22:48.975Z,"eyesonflock.com API 2026-08-28, CC BY-SA 4.0"
north-college-hill-oh-pd,OH,PD,12,30,,,False,2026-08-26T19:56:19.736Z,"eyesonflock.com API 2026-08-28, CC BY-SA 4.0"
north-kingstown-ri-pd,RI,PD,13,30,,,False,2026-08-26T12:51:06.965Z,"eyesonflock.com API 2026-08-28, CC BY-SA 4.0"
north-liberty-ia-pd,IA,PD,12,30,,,True,2026-08-26T10:27:37.281Z,"eyesonflock.com API 2026-08-28, CC BY-SA 4.0"
north-platte-ne-pd,NE,PD,27,30,,,False,2026-08-26T22:24:17.389Z,"eyesonflock.com API 2026-08-28, CC BY-SA 4.0"
north-providence-ri-pd,RI,PD,8,30,,,False,2026-08-26T09:25:51.143Z,"eyesonflock.com API 2026-08-28, CC BY-SA 4.0"
north-royalton-oh-pd,OH,PD,,30,,,True,2026-08-26T16:38:30.362Z,"eyesonflock.com API 2026-08-28, CC BY-SA 4.0"
northglenn-co-pd,CO,PD,10,30,109,,False,2026-08-26T15:06:07.180Z,"eyesonflock.com API 2026-08-28, CC BY-SA 4.0"
northlake-tx-pd,TX,PD,43,30,,,False,2026-08-26T16:32:14.634Z,"eyesonflock.com API 2026-08-28, CC BY-SA 4.0"
norton-oh-pd,OH,PD,10,30,,,True,2026-08-26T12:50:05.733Z,"eyesonflock.com API 2026-08-28, CC BY-SA 4.0"
norwalk-oh-pd,OH,PD,8,30,1216,,True,2026-08-26T21:33:55.041Z,"eyesonflock.com API 2026-08-28, CC BY-SA 4.0"
norwell-ma-pd,MA,PD,3,30,67,,True,2026-08-26T17:33:00.586Z,"eyesonflock.com API 2026-08-28, CC BY-SA 4.0"
novato-ca-pd,CA,PD,6,30,322,,True,2026-08-26T17:16:18.229Z,"eyesonflock.com API 2026-08-28, CC BY-SA 4.0"
oak-park-il-pd,IL,PD,,,,,False,2026-02-25T08:19:32.955Z,"eyesonflock.com API 2026-08-28, CC BY-SA 4.0"
oak-point-tx-pd-,TX,PD,20,30,,,True,2026-08-26T08:11:08.439Z,"eyesonflock.com API 2026-08-28, CC BY-SA 4.0"
oakboro-nc-pd,NC,PD,9,,,,True,2026-08-26T08:53:43.352Z,"eyesonflock.com API 2026-08-28, CC BY-SA 4.0"
oakland-ca-pd,CA,PD,293,30,,,True,2026-08-26T13:40:31.769Z,"eyesonflock.com API 2026-08-28, CC BY-SA 4.0"
oakley-ca-pd,CA,PD,4,30,342,,True,2026-08-26T20:26:58.175Z,"eyesonflock.com API 2026-08-28, CC BY-SA 4.0"
oberlin-oh-pd,OH,PD,4,30,,,False,2026-08-26T20:42:31.056Z,"eyesonflock.com API 2026-08-28, CC BY-SA 4.0"
oceanside-ca-pd,CA,PD,18,30,318,271,False,2026-08-26T18:39:03.706Z,"eyesonflock.com API 2026-08-28, CC BY-SA 4.0"
odessa-tx-pd,TX,PD,42,30,,,False,2026-08-26T21:24:36.171Z,"eyesonflock.com API 2026-08-28, CC BY-SA 4.0"
ogden-city-ut-pd,UT,PD,41,30,,,False,2026-08-26T15:44:31.731Z,"eyesonflock.com API 2026-08-28, CC BY-SA 4.0"
oh-chillicothe-pd,OH,PD,11,30,,,False,2026-08-27T00:18:38.063Z,"eyesonflock.com API 2026-08-28, CC BY-SA 4.0"
oh-milford-pd,OH,PD,10,30,1962,,True,2026-08-26T21:19:57.610Z,"eyesonflock.com API 2026-08-28, CC BY-SA 4.0"
oh-university-heights-pd,OH,PD,18,30,,,False,2026-08-26T17:52:40.618Z,"eyesonflock.com API 2026-08-28, CC BY-SA 4.0"
oh-willard-pd,OH,PD,2,30,1933,,True,2026-08-26T20:09:23.415Z,"eyesonflock.com API 2026-08-28, CC BY-SA 4.0"
okaloosa-county-fl-so,FL,SD,79,30,520,,False,2026-08-26T14:02:15.264Z,"eyesonflock.com API 2026-08-28, CC BY-SA 4.0"
olmsted-falls-oh-pd,OH,PD,8,30,,,False,2026-08-26T12:18:27.672Z,"eyesonflock.com API 2026-08-28, CC BY-SA 4.0"
olympia-wa-pd-,WA,PD,0,30,73,,True,2026-08-26T18:53:32.985Z,"eyesonflock.com API 2026-08-28, CC BY-SA 4.0"
ontario-ca-pd,CA,PD,126,365,313,,True,2026-08-27T00:04:02.847Z,"eyesonflock.com API 2026-08-28, CC BY-SA 4.0"
ontario-oh-pd,OH,PD,,30,731,,False,2026-08-26T12:12:41.428Z,"eyesonflock.com API 2026-08-28, CC BY-SA 4.0"
orange-va-pd,VA,PD,4,21,168,190,True,2026-08-26T15:50:48.160Z,"eyesonflock.com API 2026-08-28, CC BY-SA 4.0"
oregon-oh-pd,OH,PD,12,30,1498,,True,2026-08-26T10:30:43.258Z,"eyesonflock.com API 2026-08-28, CC BY-SA 4.0"
oro-valley-az-pd,AZ,PD,20,30,64,92,False,2026-08-26T20:59:37.985Z,"eyesonflock.com API 2026-08-28, CC BY-SA 4.0"
oroville-ca-pd,CA,PD,64,30,,,False,2026-08-26T09:47:10.421Z,"eyesonflock.com API 2026-08-28, CC BY-SA 4.0"
osage-county-ok-so,OK,SD,0,,0,,False,2026-06-01T10:29:45.045Z,"eyesonflock.com API 2026-08-28, CC BY-SA 4.0"
oshkosh-wi-pd,WI,PD,,30,0,,False,2026-08-26T20:31:39.296Z,"eyesonflock.com API 2026-08-28, CC BY-SA 4.0"
ottawa-county-oh-so,OH,SD,18,30,2057,,True,2026-08-26T21:13:14.231Z,"eyesonflock.com API 2026-08-28, CC BY-SA 4.0"
oviedo-fl-pd,FL,PD,7,30,156,551,False,2026-08-26T19:32:45.641Z,"eyesonflock.com API 2026-08-28, CC BY-SA 4.0"
owatonna-mn-pd,MN,PD,8,30,38,563,False,2026-08-26T22:56:30.519Z,"eyesonflock.com API 2026-08-28, CC BY-SA 4.0"
oxnard-ca-pd-,CA,PD,19,30,0,,False,2026-08-26T16:04:18.333Z,"eyesonflock.com API 2026-08-28, CC BY-SA 4.0"
pacific-grove-ca-pd,CA,PD,12,30,13,,False,2026-08-27T00:16:33.558Z,"eyesonflock.com API 2026-08-28, CC BY-SA 4.0"
pacifica-ca-pd,CA,PD,10,30,88,,True,2026-08-26T19:20:34.813Z,"eyesonflock.com API 2026-08-28, CC BY-SA 4.0"
palatine-il-pd,IL,PD,28,30,,,False,2026-08-26T11:54:34.165Z,"eyesonflock.com API 2026-08-28, CC BY-SA 4.0"
palm-springs-ca-pd,CA,PD,224,30,26,,True,2026-08-26T09:59:08.126Z,"eyesonflock.com API 2026-08-28, CC BY-SA 4.0"
palmyra-mo-pd,MO,PD,7,30,1171,,False,2026-08-26T10:28:08.487Z,"eyesonflock.com API 2026-08-28, CC BY-SA 4.0"
palo-alto-ca-pd,CA,PD,30,30,69,,False,2026-08-26T20:42:00.430Z,"eyesonflock.com API 2026-08-28, CC BY-SA 4.0"
park-city-ks-pd,KS,PD,14,30,1146,,False,2026-08-26T08:03:56.118Z,"eyesonflock.com API 2026-08-28, CC BY-SA 4.0"
parma-oh-pd,OH,PD,12,30,1873,,True,2026-08-26T22:10:50.611Z,"eyesonflock.com API 2026-08-28, CC BY-SA 4.0"
parsons-ks-pd,KS,PD,5,30,1312,,False,2026-08-26T11:58:09.033Z,"eyesonflock.com API 2026-08-28, CC BY-SA 4.0"
pasadena-ca-pd,CA,PD,61,30,317,,True,2026-08-26T18:40:06.088Z,"eyesonflock.com API 2026-08-28, CC BY-SA 4.0"
pawnee-county-ks-so,KS,SD,4,30,731,,True,2026-08-26T14:44:47.017Z,"eyesonflock.com API 2026-08-28, CC BY-SA 4.0"
pawtucket-ri-pd,RI,PD,22,30,,,False,2026-08-26T15:37:49.741Z,"eyesonflock.com API 2026-08-28, CC BY-SA 4.0"
paxton-il-pd-,IL,PD,8,30,443,,False,2026-08-26T19:08:37.410Z,"eyesonflock.com API 2026-08-28, CC BY-SA 4.0"
payson-az-pd,AZ,PD,18,30,692,,True,2026-08-26T23:14:43.573Z,"eyesonflock.com API 2026-08-28, CC BY-SA 4.0"
pea-ridge-ar-pd,AR,PD,3,30,0,2058,True,2026-08-26T22:45:31.942Z,"eyesonflock.com API 2026-08-28, CC BY-SA 4.0"
pekin-il-pd,IL,PD,54,30,453,,False,2026-08-26T20:33:39.429Z,"eyesonflock.com API 2026-08-28, CC BY-SA 4.0"
peotone-il-pd-,IL,PD,16,30,,,False,2026-08-26T18:08:55.428Z,"eyesonflock.com API 2026-08-28, CC BY-SA 4.0"
perry-county-oh-so,OH,SD,5,30,605,,True,2026-08-26T13:50:20.263Z,"eyesonflock.com API 2026-08-28, CC BY-SA 4.0"
petaluma-ca-pd,CA,PD,4,30,203,,False,2026-08-26T14:31:18.153Z,"eyesonflock.com API 2026-08-28, CC BY-SA 4.0"
pflugerville-tx-pd,TX,PD,32,30,78,,True,2026-08-26T14:17:21.101Z,"eyesonflock.com API 2026-08-28, CC BY-SA 4.0"
piedmont-ca-pd,CA,PD,57,60,,,False,2026-08-26T11:14:55.940Z,"eyesonflock.com API 2026-08-28, CC BY-SA 4.0"
piedmont-ok-pd-,OK,PD,5,30,60,,False,2026-08-26T22:26:23.205Z,"eyesonflock.com API 2026-08-28, CC BY-SA 4.0"
pierce-township-oh-pd,OH,PD,10,30,1740,,True,2026-08-26T13:09:19.670Z,"eyesonflock.com API 2026-08-28, CC BY-SA 4.0"
pineville-nc-pd,NC,PD,8,30,,,False,2026-08-26T11:06:39.978Z,"eyesonflock.com API 2026-08-28, CC BY-SA 4.0"
piperton-tn-pd,TN,PD,7,30,1773,,False,2026-08-26T20:32:38.204Z,"eyesonflock.com API 2026-08-28, CC BY-SA 4.0"
pittsboro-in-pd,IN,PD,13,30,3904,,True,2026-08-26T22:30:00.883Z,"eyesonflock.com API 2026-08-28, CC BY-SA 4.0"
pittsboro-nc-pd,NC,PD,4,,,,True,2026-08-26T13:18:08.765Z,"eyesonflock.com API 2026-08-28, CC BY-SA 4.0"
pittsburg-ks-pd,KS,PD,32,30,,,False,2026-08-26T12:23:39.340Z,"eyesonflock.com API 2026-08-28, CC BY-SA 4.0"
placer-county-ca-so,CA,SD,72,30,352,,False,2026-08-26T09:09:49.950Z,"eyesonflock.com API 2026-08-28, CC BY-SA 4.0"
platte-city-mo-pd,MO,PD,5,30,156,,True,2026-08-26T17:42:53.898Z,"eyesonflock.com API 2026-08-28, CC BY-SA 4.0"
pleasanton-ca-pd,CA,PD,35,30,165,,False,2026-08-26T22:06:41.895Z,"eyesonflock.com API 2026-08-28, CC BY-SA 4.0"
plymouth-mn-pd,MN,PD,18,30,66,,False,2026-08-26T21:32:23.251Z,"eyesonflock.com API 2026-08-28, CC BY-SA 4.0"
pocomoke-city-md-pd,MD,PD,8,365,443,,True,2026-03-26T12:01:13.478Z,"eyesonflock.com API 2026-08-28, CC BY-SA 4.0"
polk-city-ia-pd,IA,PD,5,30,55,,True,2026-08-26T11:54:00.078Z,"eyesonflock.com API 2026-08-28, CC BY-SA 4.0"
polk-county-conservation-ia,IA,SD,3,30,11,,True,2026-08-26T12:13:11.258Z,"eyesonflock.com API 2026-08-28, CC BY-SA 4.0"
polkton-nc-pd,NC,PD,1,30,915,,True,2026-08-26T12:17:26.546Z,"eyesonflock.com API 2026-08-28, CC BY-SA 4.0"
pontiac-il-pd,IL,PD,4,30,438,,False,2026-08-26T19:36:38.863Z,"eyesonflock.com API 2026-08-28, CC BY-SA 4.0"
poquoson-va-pd,VA,PD,3,21,,,False,2026-08-26T14:38:01.583Z,"eyesonflock.com API 2026-08-28, CC BY-SA 4.0"
port-clinton-oh-pd,OH,PD,11,30,2095,,True,2026-08-26T13:29:02.004Z,"eyesonflock.com API 2026-08-28, CC BY-SA 4.0"
port-hueneme-ca-pd,CA,PD,10,30,241,,True,2026-08-26T09:28:26.088Z,"eyesonflock.com API 2026-08-28, CC BY-SA 4.0"
port-of-stockton-ca-pd,CA,PD,10,30,303,,True,2026-08-26T22:58:33.476Z,"eyesonflock.com API 2026-08-28, CC BY-SA 4.0"
port-wentworth-ga-pd,GA,PD,42,30,,,False,2026-08-26T08:22:09.436Z,"eyesonflock.com API 2026-08-28, CC BY-SA 4.0"
portage-mi-pd,MI,PD,31,30,2581,,True,2026-08-26T08:50:40.913Z,"eyesonflock.com API 2026-08-28, CC BY-SA 4.0"
porter-county-in-so,IN,SD,,30,,,False,2026-08-26T23:22:00.092Z,"eyesonflock.com API 2026-08-28, CC BY-SA 4.0"
porterville-ca-pd,CA,PD,12,30,314,,True,2026-08-26T19:41:50.547Z,"eyesonflock.com API 2026-08-28, CC BY-SA 4.0"
portsmouth-va-pd,VA,PD,136,21,,,False,2026-08-26T21:31:53.224Z,"eyesonflock.com API 2026-08-28, CC BY-SA 4.0"
powell-oh-pd,OH,PD,14,30,2197,2004,False,2026-08-26T13:41:32.786Z,"eyesonflock.com API 2026-08-28, CC BY-SA 4.0"
powhatan-county-va-so,VA,SD,13,21,,,False,2026-08-26T11:07:10.517Z,"eyesonflock.com API 2026-08-28, CC BY-SA 4.0"
prescott-valley-az-pd,AZ,PD,,30,,,False,2026-08-26T18:58:45.673Z,"eyesonflock.com API 2026-08-28, CC BY-SA 4.0"
prince-george-county-va-pd,VA,PD,,21,,,False,2026-08-26T12:08:32.502Z,"eyesonflock.com API 2026-08-28, CC BY-SA 4.0"
prior-lake-mn-pd,MN,PD,18,30,,,False,2026-08-26T08:59:29.619Z,"eyesonflock.com API 2026-08-28, CC BY-SA 4.0"
prospect-heights-il-pd,IL,PD,19,30,484,607,True,2026-08-26T18:04:40.066Z,"eyesonflock.com API 2026-08-28, CC BY-SA 4.0"
prosper-tx-pd,TX,PD,230,30,,,False,2026-08-26T22:18:35.613Z,"eyesonflock.com API 2026-08-28, CC BY-SA 4.0"
prosser-wa-pd,WA,PD,20,21,60,,False,2026-08-26T20:27:27.157Z,"eyesonflock.com API 2026-08-28, CC BY-SA 4.0"
providence-pd-npd-lpr-study-ri,RI,PD,60,30,13,,False,2026-08-26T17:25:10.505Z,"eyesonflock.com API 2026-08-28, CC BY-SA 4.0"
provo-ut-pd,UT,PD,24,30,,,False,2026-08-26T08:38:12.680Z,"eyesonflock.com API 2026-08-28, CC BY-SA 4.0"
pulaski-county-va-so,VA,SD,6,21,159,339,True,2026-08-26T17:49:04.255Z,"eyesonflock.com API 2026-08-28, CC BY-SA 4.0"
putnam-ct-pd,CT,PD,8,30,181,,True,2026-08-26T20:41:29.266Z,"eyesonflock.com API 2026-08-28, CC BY-SA 4.0"
puyallup-wa-pd,WA,PD,45,21,83,,False,2026-08-26T20:56:30.725Z,"eyesonflock.com API 2026-08-28, CC BY-SA 4.0"
quincy-ma-pd-,MA,PD,,30,0,,False,2026-08-26T09:30:31.294Z,"eyesonflock.com API 2026-08-28, CC BY-SA 4.0"
radford-city-va-pd,VA,PD,5,21,,,False,2026-08-26T16:25:03.274Z,"eyesonflock.com API 2026-08-28, CC BY-SA 4.0"
raleigh-nc-pd,NC,PD,29,30,,,False,2026-08-26T17:54:46.325Z,"eyesonflock.com API 2026-08-28, CC BY-SA 4.0"
rantoul-il-pd,IL,PD,34,30,,,False,2026-08-26T15:04:02.690Z,"eyesonflock.com API 2026-08-28, CC BY-SA 4.0"
redlands-ca-pd,CA,PD,55,365,192,,True,2026-08-26T21:24:08.775Z,"eyesonflock.com API 2026-08-28, CC BY-SA 4.0"
redwood-city-ca-pd,CA,PD,25,30,91,,False,2026-08-26T22:58:02.762Z,"eyesonflock.com API 2026-08-28, CC BY-SA 4.0"
reedley-ca-pd,CA,PD,40,30,320,,True,2026-08-26T08:37:10.553Z,"eyesonflock.com API 2026-08-28, CC BY-SA 4.0"
rehoboth-beach-de-pd,DE,PD,31,30,,,True,2026-08-26T20:33:44.629Z,"eyesonflock.com API 2026-08-28, CC BY-SA 4.0"
reno-nv-pd,NV,PD,29,30,529,238,False,2026-08-26T08:16:28.234Z,"eyesonflock.com API 2026-08-28, CC BY-SA 4.0"
renton-wa-pd,WA,PD,23,21,7,,True,2026-08-26T09:44:00.923Z,"eyesonflock.com API 2026-08-28, CC BY-SA 4.0"
reynoldsburg-oh-pd,OH,PD,38,30,53,,True,2026-08-26T13:31:06.147Z,"eyesonflock.com API 2026-08-28, CC BY-SA 4.0"
rhode-island-college-campus-ri-pd,RI,PD,3,30,0,,False,2026-08-26T14:45:16.109Z,"eyesonflock.com API 2026-08-28, CC BY-SA 4.0"
rich-creek-va-pd,VA,PD,2,21,150,,True,2026-08-26T23:58:19.626Z,"eyesonflock.com API 2026-08-28, CC BY-SA 4.0"
richland-county-oh-so,OH,SD,15,30,368,,False,2026-08-26T15:32:34.260Z,"eyesonflock.com API 2026-08-28, CC BY-SA 4.0"
richland-pd-wa,WA,PD,0,21,,,False,2026-08-26T19:23:38.927Z,"eyesonflock.com API 2026-08-28, CC BY-SA 4.0"
richmond-ca-pd,CA,PD,187,30,0,93,False,2026-08-26T21:29:48.207Z,"eyesonflock.com API 2026-08-28, CC BY-SA 4.0"
richmond-va-pd,VA,PD,103,21,147,,False,2026-08-27T00:13:30.631Z,"eyesonflock.com API 2026-08-28, CC BY-SA 4.0"
ridgecrest-ca-pd,CA,PD,24,30,304,,True,2026-08-26T19:47:01.150Z,"eyesonflock.com API 2026-08-28, CC BY-SA 4.0"
rio-vista-ca-pd,CA,PD,5,30,357,,True,2026-08-27T00:23:20.259Z,"eyesonflock.com API 2026-08-28, CC BY-SA 4.0"
river-rouge-mi-pd,MI,PD,,30,,,False,2026-08-26T17:54:12.304Z,"eyesonflock.com API 2026-08-28, CC BY-SA 4.0"
riverside-county-ca-sd,CA,SD,1771,30,353,,False,2026-08-27T00:14:16.186Z,"eyesonflock.com API 2026-08-28, CC BY-SA 4.0"
roanoke-county-va-pd,VA,PD,6,21,,,False,2026-08-26T14:56:40.618Z,"eyesonflock.com API 2026-08-28, CC BY-SA 4.0"
roanoke-va-pd,VA,PD,,,,,False,2026-08-26T12:18:01.056Z,"eyesonflock.com API 2026-08-28, CC BY-SA 4.0"
rockbridge-county-va-so,VA,SD,4,21,,,False,2026-08-26T15:54:55.802Z,"eyesonflock.com API 2026-08-28, CC BY-SA 4.0"
rockingham-county-va-so,VA,SD,4,21,20,,False,2026-08-26T19:24:42.166Z,"eyesonflock.com API 2026-08-28, CC BY-SA 4.0"
rockport-tx-pd-,TX,PD,6,30,532,,False,2026-08-27T00:37:25.658Z,"eyesonflock.com API 2026-08-28, CC BY-SA 4.0"
rocky-mount-va-pd,VA,PD,4,21,166,,True,2026-08-26T18:11:53.901Z,"eyesonflock.com API 2026-08-28, CC BY-SA 4.0"
rohnert-park-department-of-public-safety-ca,CA,PD,20,30,234,,False,2026-08-26T09:58:34.232Z,"eyesonflock.com API 2026-08-28, CC BY-SA 4.0"
roselle-il-pd-,IL,PD,12,7,479,,False,2026-08-26T19:07:34.746Z,"eyesonflock.com API 2026-08-28, CC BY-SA 4.0"
roseville-mn-pd,MN,PD,10,30,46,,False,2026-08-26T19:12:13.795Z,"eyesonflock.com API 2026-08-28, CC BY-SA 4.0"
rossford-oh-pd,OH,PD,20,30,,,False,2026-08-26T12:20:32.733Z,"eyesonflock.com API 2026-08-28, CC BY-SA 4.0"
rossville-ga-pd,GA,PD,3,30,,,False,2026-06-01T10:51:02.637Z,"eyesonflock.com API 2026-08-28, CC BY-SA 4.0"
round-lake-park-il-pd,IL,PD,6,30,240,,True,2026-08-26T22:07:13.424Z,"eyesonflock.com API 2026-08-28, CC BY-SA 4.0"
round-rock-tx-pd,TX,PD,41,30,1442,,False,2026-08-26T09:36:19.038Z,"eyesonflock.com API 2026-08-28, CC BY-SA 4.0"
roxboro-nc-pd,NC,PD,6,30,229,,True,2026-08-26T08:19:32.700Z,"eyesonflock.com API 2026-08-28, CC BY-SA 4.0"
saginaw-tx-pd-,TX,PD,20,30,,,False,2026-08-26T19:04:30.262Z,"eyesonflock.com API 2026-08-28, CC BY-SA 4.0"
saint-croix-falls-wi-pd,WI,PD,3,30,,,False,2026-08-26T12:21:32.830Z,"eyesonflock.com API 2026-08-28, CC BY-SA 4.0"
saint-johns-az-pd,AZ,PD,16,30,,,False,2026-08-26T21:04:55.871Z,"eyesonflock.com API 2026-08-28, CC BY-SA 4.0"
saint-louis-park-mn-pd,MN,PD,16,30,41,37,True,2026-08-26T08:42:23.926Z,"eyesonflock.com API 2026-08-28, CC BY-SA 4.0"
san-bernardino-ca-pd,CA,PD,28,30,286,,True,2026-08-26T11:22:19.511Z,"eyesonflock.com API 2026-08-28, CC BY-SA 4.0"
san-bruno-ca-pd,CA,PD,70,30,327,,True,2026-08-26T21:04:26.732Z,"eyesonflock.com API 2026-08-28, CC BY-SA 4.0"
san-diego-ca-pd,CA,PD,,30,0,,False,2026-08-26T18:51:39.682Z,"eyesonflock.com API 2026-08-28, CC BY-SA 4.0"
san-francisco-ca-pd,CA,PD,483,365,315,,False,2026-08-26T08:50:07.115Z,"eyesonflock.com API 2026-08-28, CC BY-SA 4.0"
san-gabriel-ca-pd,CA,PD,20,30,299,,True,2026-08-26T20:55:58.911Z,"eyesonflock.com API 2026-08-28, CC BY-SA 4.0"
san-joaquin-county-ca-so,CA,SD,58,365,320,,True,2026-08-26T21:02:46.205Z,"eyesonflock.com API 2026-08-28, CC BY-SA 4.0"
san-jose-ca-pd,CA,PD,502,30,307,,False,2026-08-26T19:44:33.522Z,"eyesonflock.com API 2026-08-28, CC BY-SA 4.0"
san-juan-bautista-ca-,CA,PD,9,30,10,,True,2026-08-26T19:25:43.727Z,"eyesonflock.com API 2026-08-28, CC BY-SA 4.0"
san-leandro-pd-ca,CA,PD,86,30,329,297,True,2026-08-26T14:23:34.398Z,"eyesonflock.com API 2026-08-28, CC BY-SA 4.0"
san-marcos-tx-pd,TX,PD,3,30,,,False,2026-08-26T21:43:17.150Z,"eyesonflock.com API 2026-08-28, CC BY-SA 4.0"
san-marino-ca-pd,CA,PD,40,365,99,,False,2026-08-26T20:21:48.267Z,"eyesonflock.com API 2026-08-28, CC BY-SA 4.0"
san-mateo-ca-pd,CA,PD,66,30,6,,True,2026-08-26T11:45:41.165Z,"eyesonflock.com API 2026-08-28, CC BY-SA 4.0"
san-mateo-county-ca-so,CA,SD,109,30,278,,False,2026-08-26T16:26:37.106Z,"eyesonflock.com API 2026-08-28, CC BY-SA 4.0"
san-rafael-ca-pd,CA,PD,22,30,20,,False,2026-08-26T16:58:14.142Z,"eyesonflock.com API 2026-08-28, CC BY-SA 4.0"
santa-ana-ca-pd,CA,PD,24,365,213,,False,2026-08-26T19:29:52.674Z,"eyesonflock.com API 2026-08-28, CC BY-SA 4.0"
santa-barbara-pd-ca,CA,PD,12,30,0,,True,2026-08-20T21:46:27.248Z,"eyesonflock.com API 2026-08-28, CC BY-SA 4.0"
santa-clara-ca-pd,CA,PD,54,30,354,,True,2026-08-26T09:29:30.467Z,"eyesonflock.com API 2026-08-28, CC BY-SA 4.0"
santa-clara-county-ca-so,CA,SD,69,30,0,,True,2026-06-28T15:16:55.044Z,"eyesonflock.com API 2026-08-28, CC BY-SA 4.0"
santa-cruz-ca-pd,CA,PD,0,30,214,,True,2026-08-26T14:32:20.998Z,"eyesonflock.com API 2026-08-28, CC BY-SA 4.0"
santa-paula-ca-pd,CA,PD,12,30,53,,False,2026-08-26T13:46:40.555Z,"eyesonflock.com API 2026-08-28, CC BY-SA 4.0"
santa-rosa-ca-pd,CA,PD,147,30,314,276,True,2026-08-26T16:52:33.936Z,"eyesonflock.com API 2026-08-28, CC BY-SA 4.0"
saratoga-ca-pd,CA,PD,0,,,,False,2026-08-26T12:52:39.227Z,"eyesonflock.com API 2026-08-28, CC BY-SA 4.0"
saratoga-springs-ny-pd,NY,PD,12,30,1159,291,True,2026-08-26T08:49:08.136Z,"eyesonflock.com API 2026-08-28, CC BY-SA 4.0"
sarpy-county-ne-so,NE,SD,30,30,1216,,False,2026-08-26T19:35:39.527Z,"eyesonflock.com API 2026-08-28, CC BY-SA 4.0"
sartell-mn-pd,MN,PD,8,30,0,,False,2026-08-26T23:57:20.126Z,"eyesonflock.com API 2026-08-28, CC BY-SA 4.0"
sausalito-ca-pd,CA,PD,12,30,287,,False,2026-08-26T23:40:10.562Z,"eyesonflock.com API 2026-08-28, CC BY-SA 4.0"
savannah-ga-pd,GA,PD,105,30,1710,930,True,2026-08-26T21:44:53.254Z,"eyesonflock.com API 2026-08-28, CC BY-SA 4.0"
sc-college-of-charleston-department-of-public-safety,SC,PD,0,,0,,True,2026-08-26T19:11:09.923Z,"eyesonflock.com API 2026-08-28, CC BY-SA 4.0"
scottsbluff-ne-pd,NE,PD,8,30,658,,False,2026-08-26T23:20:58.467Z,"eyesonflock.com API 2026-08-28, CC BY-SA 4.0"
scottsville-va-pd,VA,PD,4,21,131,,True,2026-08-26T17:11:39.892Z,"eyesonflock.com API 2026-08-28, CC BY-SA 4.0"
seaside-ca-pd,CA,PD,30,30,347,,False,2026-08-26T14:42:42.786Z,"eyesonflock.com API 2026-08-28, CC BY-SA 4.0"
seatac-wa-pd,WA,PD,27,21,4,,False,2026-08-26T20:59:06.372Z,"eyesonflock.com API 2026-08-28, CC BY-SA 4.0"
seelyville-in-pd,IN,PD,2,30,,,False,2026-08-26T20:00:30.258Z,"eyesonflock.com API 2026-08-28, CC BY-SA 4.0"
selah-wa-pd,WA,PD,16,21,80,,False,2026-08-26T12:36:37.466Z,"eyesonflock.com API 2026-08-28, CC BY-SA 4.0"
sequoias-community-college-district-ca-pd,CA,PD,22,30,315,,False,2026-08-26T11:04:04.872Z,"eyesonflock.com API 2026-08-28, CC BY-SA 4.0"
sevierville-tn-pd,TN,PD,17,30,2161,,True,2026-08-26T17:23:05.566Z,"eyesonflock.com API 2026-08-28, CC BY-SA 4.0"
sharon-wi-pd,WI,PD,3,30,169,361,False,2026-08-26T23:53:09.147Z,"eyesonflock.com API 2026-08-28, CC BY-SA 4.0"
sharpsburg-nc-pd,NC,PD,3,30,91,,True,2026-08-26T10:29:11.459Z,"eyesonflock.com API 2026-08-28, CC BY-SA 4.0"
shasta-county-so,CA,SD,24,30,130,,False,2026-08-26T18:56:39.962Z,"eyesonflock.com API 2026-08-28, CC BY-SA 4.0"
sheffield-village-oh-pd,OH,PD,16,30,419,,False,2026-08-26T11:29:33.284Z,"eyesonflock.com API 2026-08-28, CC BY-SA 4.0"
shelby-county-in-so,IN,SD,12,30,,,False,2026-08-26T16:36:26.223Z,"eyesonflock.com API 2026-08-28, CC BY-SA 4.0"
shelby-county-tn-so,TN,SD,178,30,2237,,False,2026-08-26T08:00:54.909Z,"eyesonflock.com API 2026-08-28, CC BY-SA 4.0"
shelby-township-mi-pd,MI,PD,63,30,2593,1270,True,2026-08-26T14:12:10.480Z,"eyesonflock.com API 2026-08-28, CC BY-SA 4.0"
shelton-pd-wa,WA,PD,12,21,71,,False,2026-08-26T16:47:16.738Z,"eyesonflock.com API 2026-08-28, CC BY-SA 4.0"
shenandoah-county-va-so,VA,SD,10,21,,,False,2026-08-26T20:06:47.895Z,"eyesonflock.com API 2026-08-28, CC BY-SA 4.0"
shenandoah-va-pd,VA,PD,4,21,,,False,2026-08-20T23:21:25.235Z,"eyesonflock.com API 2026-08-28, CC BY-SA 4.0"
sherwood-ar-pd,AR,PD,16,30,1624,2026,True,2026-08-26T17:14:46.051Z,"eyesonflock.com API 2026-08-28, CC BY-SA 4.0"
shrewsbury-mo-pd,MO,PD,8,30,,,True,2026-08-26T22:01:24.820Z,"eyesonflock.com API 2026-08-28, CC BY-SA 4.0"
sidney-oh-pd,OH,PD,19,30,2292,,True,2026-08-26T17:34:37.506Z,"eyesonflock.com API 2026-08-28, CC BY-SA 4.0"
siloam-springs-ar-pd,AR,PD,5,30,140,77,True,2026-08-26T12:54:46.034Z,"eyesonflock.com API 2026-08-28, CC BY-SA 4.0"
simi-valley-ca-pd,CA,PD,26,30,330,,True,2026-08-26T12:04:56.298Z,"eyesonflock.com API 2026-08-28, CC BY-SA 4.0"
sioux-city-ia-pd,IA,PD,12,30,,,False,2026-08-27T00:25:57.719Z,"eyesonflock.com API 2026-08-28, CC BY-SA 4.0"
sioux-falls-sd-pd,SD,PD,34,30,,,False,2026-08-26T12:54:15.049Z,"eyesonflock.com API 2026-08-28, CC BY-SA 4.0"
skamania-co-wa-so,WA,SD,0,7,,,True,2026-08-26T14:34:24.806Z,"eyesonflock.com API 2026-08-28, CC BY-SA 4.0"
slinger-wi-pd,WI,PD,5,30,2076,,True,2026-08-26T15:02:23.064Z,"eyesonflock.com API 2026-08-28, CC BY-SA 4.0"
smithfield-nc-pd,NC,PD,8,30,,,False,2026-07-22T11:28:07.812Z,"eyesonflock.com API 2026-08-28, CC BY-SA 4.0"
smithfield-ri-pd,RI,PD,2,30,,,False,2026-08-26T17:39:14.001Z,"eyesonflock.com API 2026-08-28, CC BY-SA 4.0"
smithfield-va-pd,VA,PD,17,21,151,,True,2026-08-26T23:24:38.832Z,"eyesonflock.com API 2026-08-28, CC BY-SA 4.0"
smyth-county-va-so,VA,SD,4,21,,,False,2026-08-26T13:23:50.555Z,"eyesonflock.com API 2026-08-28, CC BY-SA 4.0"
snohomish-county-wa-so-,WA,SD,8,21,10,70,True,2026-08-26T10:00:08.529Z,"eyesonflock.com API 2026-08-28, CC BY-SA 4.0"
solano-county-ca-so,CA,SD,48,30,335,,True,2026-08-26T17:14:16.061Z,"eyesonflock.com API 2026-08-28, CC BY-SA 4.0"
south-gate-ca-pd,CA,PD,10,30,81,103,True,2026-08-26T21:57:47.831Z,"eyesonflock.com API 2026-08-28, CC BY-SA 4.0"
south-pasadena-ca-pd,CA,PD,13,15,319,,False,2026-08-26T21:26:10.644Z,"eyesonflock.com API 2026-08-28, CC BY-SA 4.0"
south-saint-paul-mn-pd,MN,PD,9,30,0,,False,2026-08-26T21:17:56.696Z,"eyesonflock.com API 2026-08-28, CC BY-SA 4.0"
south-san-francisco-ca-pd,CA,PD,37,30,16,,True,2026-08-26T22:00:23.918Z,"eyesonflock.com API 2026-08-28, CC BY-SA 4.0"
south-sioux-city-ne-pd-,NE,PD,35,30,,,False,2026-08-26T09:05:11.019Z,"eyesonflock.com API 2026-08-28, CC BY-SA 4.0"
south-tucson-az-pd,AZ,PD,10,30,3,55,True,2026-08-26T14:03:52.969Z,"eyesonflock.com API 2026-08-28, CC BY-SA 4.0"
southern-shores-nc-pd,NC,PD,12,30,,,False,2026-08-26T10:20:21.627Z,"eyesonflock.com API 2026-08-28, CC BY-SA 4.0"
spanish-fork-ut-pd,UT,PD,8,30,,,False,2026-08-26T10:47:25.590Z,"eyesonflock.com API 2026-08-28, CC BY-SA 4.0"
sparks-nv-pd,NV,PD,61,30,,,False,2026-08-26T17:03:24.104Z,"eyesonflock.com API 2026-08-28, CC BY-SA 4.0"
spring-lake-park-mn-pd,MN,PD,2,30,54,,True,2026-08-26T12:33:03.217Z,"eyesonflock.com API 2026-08-28, CC BY-SA 4.0"
springdale-oh-pd,OH,PD,12,30,,,False,2026-08-26T16:34:22.183Z,"eyesonflock.com API 2026-08-28, CC BY-SA 4.0"
springfield-il-pd,IL,PD,141,30,,,False,2026-08-26T12:37:11.047Z,"eyesonflock.com API 2026-08-28, CC BY-SA 4.0"
springfield-mo-pd,MO,PD,41,30,1715,2150,False,2026-08-26T16:54:06.662Z,"eyesonflock.com API 2026-08-28, CC BY-SA 4.0"
springfield-or-pd,OR,PD,0,30,18,,True,2026-08-26T10:37:33.536Z,"eyesonflock.com API 2026-08-28, CC BY-SA 4.0"
st-anthony-id-pd-,ID,PD,10,30,158,48,True,2026-08-26T10:39:04.842Z,"eyesonflock.com API 2026-08-28, CC BY-SA 4.0"
st-clairsville-oh-pd-,OH,PD,4,30,,,False,2026-08-26T10:53:39.812Z,"eyesonflock.com API 2026-08-28, CC BY-SA 4.0"
st-cloud-mn-pd,MN,PD,5,7,0,,False,2026-08-26T23:22:31.796Z,"eyesonflock.com API 2026-08-28, CC BY-SA 4.0"
st-francois-county-mo-so,MO,SD,14,30,2105,,True,2026-08-26T10:40:42.303Z,"eyesonflock.com API 2026-08-28, CC BY-SA 4.0"
st-helena-ca-pd,CA,PD,4,30,29,,True,2026-08-27T00:00:24.152Z,"eyesonflock.com API 2026-08-28, CC BY-SA 4.0"
st-joseph-mo-pd,MO,PD,23,30,222,,False,2026-08-26T09:04:39.005Z,"eyesonflock.com API 2026-08-28, CC BY-SA 4.0"
st-louis-county-mn-so,MN,SD,10,30,35,,True,2026-08-26T19:32:05.205Z,"eyesonflock.com API 2026-08-28, CC BY-SA 4.0"
st-lucie-county-fl-so,FL,SD,45,30,,,False,2026-08-26T19:48:30.335Z,"eyesonflock.com API 2026-08-28, CC BY-SA 4.0"
st-pauls-nc-pd,NC,PD,4,30,218,,True,2026-08-26T10:16:14.763Z,"eyesonflock.com API 2026-08-28, CC BY-SA 4.0"
stanford-university-ca-pd,CA,PD,5,30,0,,False,2026-08-26T20:22:20.872Z,"eyesonflock.com API 2026-08-28, CC BY-SA 4.0"
stanwood-wa-pd,WA,PD,12,21,14,52,True,2026-08-26T18:11:23.127Z,"eyesonflock.com API 2026-08-28, CC BY-SA 4.0"
staunton-va-pd,VA,PD,,,,,False,2026-08-26T14:47:19.030Z,"eyesonflock.com API 2026-08-28, CC BY-SA 4.0"
sterling-heights-mi-pd,MI,PD,24,30,0,,False,2026-08-26T08:20:02.715Z,"eyesonflock.com API 2026-08-28, CC BY-SA 4.0"
sterling-il-pd,IL,PD,11,30,,,False,2026-08-26T10:54:43.881Z,"eyesonflock.com API 2026-08-28, CC BY-SA 4.0"
stillwater-mn-pd,MN,PD,18,30,808,,False,2026-08-26T14:37:31.525Z,"eyesonflock.com API 2026-08-28, CC BY-SA 4.0"
stockton-ca-pd,CA,PD,147,30,322,,True,2026-08-26T14:31:57.333Z,"eyesonflock.com API 2026-08-28, CC BY-SA 4.0"
storey-county-nv-so,NV,SD,7,30,95,,True,2026-08-26T17:46:27.790Z,"eyesonflock.com API 2026-08-28, CC BY-SA 4.0"
story-county-ia-so,IA,SD,2,30,1,,True,2026-08-26T18:23:27.086Z,"eyesonflock.com API 2026-08-28, CC BY-SA 4.0"
stow-ma-pd,MA,PD,1,15,0,,True,2026-07-22T12:32:37.222Z,"eyesonflock.com API 2026-08-28, CC BY-SA 4.0"
strasburg-va-pd,VA,PD,5,21,116,159,False,2026-08-26T16:52:01.405Z,"eyesonflock.com API 2026-08-28, CC BY-SA 4.0"
suffolk-va-pd,VA,PD,268,21,168,,False,2026-08-26T16:25:34.528Z,"eyesonflock.com API 2026-08-28, CC BY-SA 4.0"
sugar-grove-il-pd-,IL,PD,7,30,,,False,2026-08-26T15:02:29.030Z,"eyesonflock.com API 2026-08-28, CC BY-SA 4.0"
suisun-city-ca-pd-,CA,PD,29,30,344,229,True,2026-08-26T20:54:50.338Z,"eyesonflock.com API 2026-08-28, CC BY-SA 4.0"
sullivans-island-sc-pd,SC,PD,,7,,,False,2026-08-26T10:27:03.744Z,"eyesonflock.com API 2026-08-28, CC BY-SA 4.0"
sultan-wa-pd,WA,PD,6,21,14,11,True,2026-08-26T18:18:08.920Z,"eyesonflock.com API 2026-08-28, CC BY-SA 4.0"
summerset-sd-pd,SD,PD,5,30,,,False,2026-08-26T11:02:01.054Z,"eyesonflock.com API 2026-08-28, CC BY-SA 4.0"
sumner-wa-pd,WA,PD,12,21,79,,True,2026-08-26T14:03:21.044Z,"eyesonflock.com API 2026-08-28, CC BY-SA 4.0"
sumpter-twp-mi-pd,MI,PD,4,30,195,,True,2026-08-26T14:44:15.447Z,"eyesonflock.com API 2026-08-28, CC BY-SA 4.0"
sun-prairie-wi-pd,WI,PD,9,30,189,,False,2026-08-26T20:01:00.604Z,"eyesonflock.com API 2026-08-28, CC BY-SA 4.0"
sunnyvale-ca-pd,CA,PD,20,30,27,,False,2026-08-26T23:29:15.931Z,"eyesonflock.com API 2026-08-28, CC BY-SA 4.0"
sunriver-or-pd,OR,PD,4,30,0,,False,2026-08-26T16:41:07.102Z,"eyesonflock.com API 2026-08-28, CC BY-SA 4.0"
sunset-valley-tx-pd,TX,PD,11,30,443,,False,2026-08-26T14:13:44.750Z,"eyesonflock.com API 2026-08-28, CC BY-SA 4.0"
surfside-beach-sc-pd,SC,PD,14,30,1471,,True,2026-08-26T23:47:55.350Z,"eyesonflock.com API 2026-08-28, CC BY-SA 4.0"
sutter-county-ca-so,CA,SD,23,30,256,253,True,2026-08-26T10:18:51.121Z,"eyesonflock.com API 2026-08-28, CC BY-SA 4.0"
sylvania-oh-pd,OH,PD,16,30,2031,,False,2026-08-26T09:41:26.896Z,"eyesonflock.com API 2026-08-28, CC BY-SA 4.0"
tabor-city-nc-pd,NC,PD,1,30,143,,True,2026-08-26T22:18:03.948Z,"eyesonflock.com API 2026-08-28, CC BY-SA 4.0"
tarleton-state-university-tx-pd-,TX,PD,8,30,,,False,2026-08-26T20:39:25.428Z,"eyesonflock.com API 2026-08-28, CC BY-SA 4.0"
taylor-mi-pd,MI,PD,77,30,,,True,2026-08-26T16:20:54.487Z,"eyesonflock.com API 2026-08-28, CC BY-SA 4.0"
taylor-tx-pd-,TX,PD,8,30,15,,False,2026-08-26T13:05:11.141Z,"eyesonflock.com API 2026-08-28, CC BY-SA 4.0"
temple-ga-pd,GA,PD,4,30,1264,,True,2026-08-26T15:48:43.024Z,"eyesonflock.com API 2026-08-28, CC BY-SA 4.0"
temple-tx-pd,TX,PD,192,30,1201,,True,2026-08-26T18:54:12.616Z,"eyesonflock.com API 2026-08-28, CC BY-SA 4.0"
temple-university-campus-pa-pd,PA,PD,7,30,,,False,2026-08-26T17:05:26.675Z,"eyesonflock.com API 2026-08-28, CC BY-SA 4.0"
tewksbury-ma-pd,MA,PD,21,30,,,False,2026-08-26T09:49:42.255Z,"eyesonflock.com API 2026-08-28, CC BY-SA 4.0"
texarkana-tx-pd,TX,PD,11,30,1791,,True,2026-08-26T21:07:00.895Z,"eyesonflock.com API 2026-08-28, CC BY-SA 4.0"
the-colony-tx-pd,TX,PD,21,30,486,,False,2026-08-26T08:02:03.687Z,"eyesonflock.com API 2026-08-28, CC BY-SA 4.0"
thomasville-ga-pd,GA,PD,42,30,1068,,False,2026-08-26T11:49:23.016Z,"eyesonflock.com API 2026-08-28, CC BY-SA 4.0"
thornton-co-pd,CO,PD,16,30,1520,,True,2026-08-27T00:09:24.445Z,"eyesonflock.com API 2026-08-28, CC BY-SA 4.0"
tiburon-ca-pd,CA,PD,10,30,211,,False,2026-08-26T11:01:24.221Z,"eyesonflock.com API 2026-08-28, CC BY-SA 4.0"
timberville-va-pd,VA,PD,5,21,145,150,True,2026-08-26T12:42:50.629Z,"eyesonflock.com API 2026-08-28, CC BY-SA 4.0"
tipp-city-oh-pd,OH,PD,,30,2309,,False,2026-08-27T00:36:24.732Z,"eyesonflock.com API 2026-08-28, CC BY-SA 4.0"
tiverton-ri-pd,RI,PD,2,30,503,,False,2026-08-26T13:27:28.323Z,"eyesonflock.com API 2026-08-28, CC BY-SA 4.0"
tompkins-county-ny-so,NY,SD,30,30,8,,True,2026-05-13T14:59:15.456Z,"eyesonflock.com API 2026-08-28, CC BY-SA 4.0"
tonawanda-town-ny-pd,NY,PD,13,365,,,False,2026-08-26T08:31:59.909Z,"eyesonflock.com API 2026-08-28, CC BY-SA 4.0"
toppenish-wa-pd,WA,PD,25,21,,,False,2026-08-26T13:08:48.240Z,"eyesonflock.com API 2026-08-28, CC BY-SA 4.0"
town-of-connelley-springs-nc,NC,PD,4,30,1831,,True,2026-08-26T12:13:42.695Z,"eyesonflock.com API 2026-08-28, CC BY-SA 4.0"
town-of-woodside-ca-smcso,CA,SD,27,60,3,,False,2026-08-26T15:47:37.103Z,"eyesonflock.com API 2026-08-28, CC BY-SA 4.0"
tracy-ca-pd,CA,PD,137,30,365,,True,2026-08-26T16:43:44.761Z,"eyesonflock.com API 2026-08-28, CC BY-SA 4.0"
trophy-club-tx-pd,TX,PD,10,30,485,,False,2026-08-26T09:53:54.320Z,"eyesonflock.com API 2026-08-28, CC BY-SA 4.0"
trotwood-oh-pd,OH,PD,,30,,,False,2026-08-26T12:08:01.798Z,"eyesonflock.com API 2026-08-28, CC BY-SA 4.0"
troy-mi-pd-,MI,PD,27,30,190,,False,2026-08-26T13:45:40.414Z,"eyesonflock.com API 2026-08-28, CC BY-SA 4.0"
troy-oh-pd,OH,PD,13,30,,,False,2026-08-26T20:24:23.225Z,"eyesonflock.com API 2026-08-28, CC BY-SA 4.0"
truckee-ca-pd,CA,PD,25,30,5,,False,2026-08-27T00:09:48.587Z,"eyesonflock.com API 2026-08-28, CC BY-SA 4.0"
trumansburg-village-ny-pd,NY,PD,4,30,,,True,2026-08-26T23:36:00.571Z,"eyesonflock.com API 2026-08-28, CC BY-SA 4.0"
tucson-az-pd,AZ,PD,,,,,False,2026-08-26T11:35:46.183Z,"eyesonflock.com API 2026-08-28, CC BY-SA 4.0"
tukwila-wa-pd,WA,PD,29,21,81,,True,2026-08-26T22:51:50.465Z,"eyesonflock.com API 2026-08-28, CC BY-SA 4.0"
tulare-ca-pd-,CA,PD,8,30,300,,True,2026-08-26T16:44:13.892Z,"eyesonflock.com API 2026-08-28, CC BY-SA 4.0"
tulsa-ok-pd,OK,PD,,30,,,False,2026-08-26T13:35:13.987Z,"eyesonflock.com API 2026-08-28, CC BY-SA 4.0"
twin-falls-id-pd,ID,PD,40,30,,,False,2026-08-26T14:09:35.023Z,"eyesonflock.com API 2026-08-28, CC BY-SA 4.0"
tx-hallettsville-pd,TX,PD,9,30,,,False,2026-08-26T11:12:20.689Z,"eyesonflock.com API 2026-08-28, CC BY-SA 4.0"
tx-liberty-pd,TX,PD,9,30,327,511,True,2026-08-26T22:45:00.515Z,"eyesonflock.com API 2026-08-28, CC BY-SA 4.0"
ukiah-pd-ca,CA,PD,14,30,321,,False,2026-08-26T13:25:55.232Z,"eyesonflock.com API 2026-08-28, CC BY-SA 4.0"
union-city-ca-pd,CA,PD,20,30,305,,False,2026-08-26T18:03:38.104Z,"eyesonflock.com API 2026-08-28, CC BY-SA 4.0"
union-county-sc-so,SC,SD,22,30,,,False,2026-08-26T09:32:38.842Z,"eyesonflock.com API 2026-08-28, CC BY-SA 4.0"
union-county-sd-so-,SD,SD,4,30,24,429,True,2026-08-26T16:12:33.749Z,"eyesonflock.com API 2026-08-28, CC BY-SA 4.0"
universal-city-pd-tx,TX,PD,12,30,463,,False,2026-08-26T08:55:50.355Z,"eyesonflock.com API 2026-08-28, CC BY-SA 4.0"
university-city-mo-pd,MO,PD,,30,,,True,2026-08-26T19:03:57.955Z,"eyesonflock.com API 2026-08-28, CC BY-SA 4.0"
university-of-arizona-campus-az-pd,AZ,PD,58,30,62,59,False,2026-08-26T16:33:21.032Z,"eyesonflock.com API 2026-08-28, CC BY-SA 4.0"
university-of-colorado-boulder-campus-pd-co,CO,PD,12,30,,,False,2026-08-26T09:01:34.105Z,"eyesonflock.com API 2026-08-28, CC BY-SA 4.0"
university-of-illinois-at-urbanachampaign-il-pd,IL,PD,20,30,423,,False,2026-08-26T11:33:15.478Z,"eyesonflock.com API 2026-08-28, CC BY-SA 4.0"
university-of-iowa-pd-ia,IA,PD,29,30,,,False,2026-08-26T13:51:21.871Z,"eyesonflock.com API 2026-08-28, CC BY-SA 4.0"
university-of-louisiana-at-lafayette-pd,LA,PD,50,30,,,False,2026-08-26T13:07:49.984Z,"eyesonflock.com API 2026-08-28, CC BY-SA 4.0"
university-of-minnesota-mn-pd-twin-cities,MN,PD,14,30,,,True,2026-08-26T14:05:56.016Z,"eyesonflock.com API 2026-08-28, CC BY-SA 4.0"
university-of-texas-at-dallas-tx-pd,TX,PD,13,30,517,366,True,2026-08-26T23:03:12.316Z,"eyesonflock.com API 2026-08-28, CC BY-SA 4.0"
university-of-wisconsin-madison-wi-pd,WI,PD,8,30,164,448,True,2026-08-26T08:46:00.070Z,"eyesonflock.com API 2026-08-28, CC BY-SA 4.0"
upland-ca-pd-,CA,PD,12,30,317,,False,2026-08-26T19:42:53.122Z,"eyesonflock.com API 2026-08-28, CC BY-SA 4.0"
urbandale-ia-pd,IA,PD,28,30,91,,True,2026-08-26T22:32:03.544Z,"eyesonflock.com API 2026-08-28, CC BY-SA 4.0"
ut-cedar-city-pd,UT,PD,44,30,,,False,2026-08-26T09:55:28.331Z,"eyesonflock.com API 2026-08-28, CC BY-SA 4.0"
va-george-mason-university-campus-pd,VA,PD,29,21,,,False,2026-08-26T16:28:38.491Z,"eyesonflock.com API 2026-08-28, CC BY-SA 4.0"
vacaville-ca-pd,CA,PD,260,30,120,,False,2026-08-26T10:32:57.568Z,"eyesonflock.com API 2026-08-28, CC BY-SA 4.0"
vallejo-ca-pd,CA,PD,97,30,30,306,False,2026-08-26T18:10:54.300Z,"eyesonflock.com API 2026-08-28, CC BY-SA 4.0"
vanderburgh-county-in-so-,IN,SD,48,7,2206,,False,2026-08-26T22:39:19.972Z,"eyesonflock.com API 2026-08-28, CC BY-SA 4.0"
ventura-ca-pd,CA,PD,23,30,362,,True,2026-03-05T15:24:40.768Z,"eyesonflock.com API 2026-08-28, CC BY-SA 4.0"
ventura-county-ca-so,CA,SD,147,365,59,,False,2026-08-26T14:08:02.501Z,"eyesonflock.com API 2026-08-28, CC BY-SA 4.0"
vernon-hills-il-pd,IL,PD,34,30,,,False,2026-08-26T17:31:20.837Z,"eyesonflock.com API 2026-08-28, CC BY-SA 4.0"
vienna-va-pd,VA,PD,4,21,,,False,2026-08-26T18:44:11.334Z,"eyesonflock.com API 2026-08-28, CC BY-SA 4.0"
village-of-bloomingdale-il-pd,IL,PD,17,30,444,,False,2026-08-26T20:14:00.052Z,"eyesonflock.com API 2026-08-28, CC BY-SA 4.0"
village-of-pingree-grove-il-pd,IL,PD,14,30,336,1106,True,2026-08-26T21:07:32.755Z,"eyesonflock.com API 2026-08-28, CC BY-SA 4.0"
visalia-ca-pd,CA,PD,13,30,307,,True,2026-08-26T21:47:27.662Z,"eyesonflock.com API 2026-08-28, CC BY-SA 4.0"
wadsworth-oh-pd,OH,PD,15,30,,,False,2026-08-26T10:53:10.341Z,"eyesonflock.com API 2026-08-28, CC BY-SA 4.0"
walla-walla-wa-pd,WA,PD,0,30,,,False,2026-08-26T22:25:19.103Z,"eyesonflock.com API 2026-08-28, CC BY-SA 4.0"
waltham-ma-pd-,MA,PD,,30,94,,False,2026-08-26T17:38:39.926Z,"eyesonflock.com API 2026-08-28, CC BY-SA 4.0"
warr-acres-ok-pd,OK,PD,6,30,,,False,2026-08-26T16:15:37.657Z,"eyesonflock.com API 2026-08-28, CC BY-SA 4.0"
warren-county-oh-so,OH,SD,23,30,,,False,2026-08-26T15:14:22.537Z,"eyesonflock.com API 2026-08-28, CC BY-SA 4.0"
warren-county-va-so,VA,SD,5,21,,,False,2026-08-26T12:53:41.796Z,"eyesonflock.com API 2026-08-28, CC BY-SA 4.0"
warrenville-il-pd,IL,PD,14,30,435,,True,2026-08-26T22:33:05.529Z,"eyesonflock.com API 2026-08-28, CC BY-SA 4.0"
warrick-co-in-so,IN,SD,12,30,2265,,False,2026-08-26T15:09:43.773Z,"eyesonflock.com API 2026-08-28, CC BY-SA 4.0"
warsaw-nc-pd,NC,PD,,,,,False,2026-08-26T14:47:49.771Z,"eyesonflock.com API 2026-08-28, CC BY-SA 4.0"
warwick-ri-pd,RI,PD,11,30,148,,False,2026-08-27T00:31:36.541Z,"eyesonflock.com API 2026-08-28, CC BY-SA 4.0"
washington-county-tn-so,TN,SD,,30,,,True,2026-08-26T21:43:49.925Z,"eyesonflock.com API 2026-08-28, CC BY-SA 4.0"
washington-ia-pd,IA,PD,8,30,1017,,False,2026-08-26T13:36:49.617Z,"eyesonflock.com API 2026-08-28, CC BY-SA 4.0"
waterford-ct-pd,CT,PD,4,21,52,,True,2026-08-26T16:19:49.700Z,"eyesonflock.com API 2026-08-28, CC BY-SA 4.0"
waterford-township-mi-pd,MI,PD,14,30,,,False,2026-08-26T11:14:22.640Z,"eyesonflock.com API 2026-08-28, CC BY-SA 4.0"
watertown-ny-pd,NY,PD,0,30,37,,True,2026-08-26T14:20:26.163Z,"eyesonflock.com API 2026-08-28, CC BY-SA 4.0"
watsonville-ca-pd,CA,PD,33,30,311,,False,2026-08-26T13:11:55.198Z,"eyesonflock.com API 2026-08-28, CC BY-SA 4.0"
wauconda-il-pd,IL,PD,3,30,1503,1333,True,2026-08-27T00:24:22.881Z,"eyesonflock.com API 2026-08-28, CC BY-SA 4.0"
waukee-ia-pd,IA,PD,11,30,11,,True,2026-08-26T13:58:35.347Z,"eyesonflock.com API 2026-08-28, CC BY-SA 4.0"
waxhaw-nc-pd,NC,PD,7,30,1529,,True,2026-08-26T12:29:52.647Z,"eyesonflock.com API 2026-08-28, CC BY-SA 4.0"
wayzata-mn-pd,MN,PD,11,30,75,,True,2026-08-26T13:47:14.107Z,"eyesonflock.com API 2026-08-28, CC BY-SA 4.0"
webster-groves-mo-pd,MO,PD,7,30,1892,,True,2026-08-26T18:45:14.885Z,"eyesonflock.com API 2026-08-28, CC BY-SA 4.0"
wellington-ks-pd,KS,PD,4,30,226,,False,2026-08-26T18:30:38.453Z,"eyesonflock.com API 2026-08-28, CC BY-SA 4.0"
wells-county-in-so,IN,SD,6,30,,,False,2026-08-26T14:13:13.025Z,"eyesonflock.com API 2026-08-28, CC BY-SA 4.0"
wentzville-mo-pd,MO,PD,28,30,1973,,True,2026-08-26T21:11:09.206Z,"eyesonflock.com API 2026-08-28, CC BY-SA 4.0"
west-covina-ca-pd,CA,PD,41,30,329,,False,2026-08-26T22:12:55.667Z,"eyesonflock.com API 2026-08-28, CC BY-SA 4.0"
west-des-moines-ia-pd,IA,PD,57,30,1405,,True,2026-08-26T12:22:37.631Z,"eyesonflock.com API 2026-08-28, CC BY-SA 4.0"
west-greenwich-ri-pd,RI,PD,3,30,17,,False,2026-08-26T21:01:13.185Z,"eyesonflock.com API 2026-08-28, CC BY-SA 4.0"
west-hennepin-mn-public-safety-department,MN,PD,3,30,75,,True,2026-08-26T21:31:18.993Z,"eyesonflock.com API 2026-08-28, CC BY-SA 4.0"
west-lafayette-in-pd,IN,PD,4,7,,,False,2026-08-26T14:41:06.982Z,"eyesonflock.com API 2026-08-28, CC BY-SA 4.0"
west-milton-oh-pd,OH,PD,2,30,,,False,2026-08-26T23:27:11.390Z,"eyesonflock.com API 2026-08-28, CC BY-SA 4.0"
west-sacramento-ca-pd,CA,PD,32,30,321,291,True,2026-08-26T15:07:09.221Z,"eyesonflock.com API 2026-08-28, CC BY-SA 4.0"
westerville-oh-pd,OH,PD,35,30,,,False,2026-06-01T15:59:02.922Z,"eyesonflock.com API 2026-08-28, CC BY-SA 4.0"
westlake-tx-,TX,PD,0,,0,,False,2026-08-26T20:04:10.828Z,"eyesonflock.com API 2026-08-28, CC BY-SA 4.0"
westminster-ca-pd,CA,PD,26,30,333,,False,2026-08-26T08:07:04.099Z,"eyesonflock.com API 2026-08-28, CC BY-SA 4.0"
westminster-co-pd,CO,PD,,,,,False,2026-08-26T14:12:36.184Z,"eyesonflock.com API 2026-08-28, CC BY-SA 4.0"
weymouth-ma-pd-,MA,PD,35,30,110,,True,2026-08-26T15:35:44.939Z,"eyesonflock.com API 2026-08-28, CC BY-SA 4.0"
wheeler-county-ne-so-,NE,SD,5,30,834,,False,2026-08-26T20:46:38.612Z,"eyesonflock.com API 2026-08-28, CC BY-SA 4.0"
whitehall-oh-pd,OH,PD,32,30,,,False,2026-08-26T09:26:55.311Z,"eyesonflock.com API 2026-08-28, CC BY-SA 4.0"
whiteville-nc-pd,NC,PD,9,30,,,True,2026-08-26T21:01:40.625Z,"eyesonflock.com API 2026-08-28, CC BY-SA 4.0"
wichita-ks-pd,KS,PD,191,30,136,,False,2026-08-26T23:04:19.058Z,"eyesonflock.com API 2026-08-28, CC BY-SA 4.0"
wichita-state-university-ks-pd,KS,PD,19,30,109,,False,2026-08-26T13:54:27.439Z,"eyesonflock.com API 2026-08-28, CC BY-SA 4.0"
wilkesboro-nc-pd,NC,PD,4,30,179,,True,2026-08-26T10:44:15.434Z,"eyesonflock.com API 2026-08-28, CC BY-SA 4.0"
williams-ca-pd,CA,PD,3,30,294,,True,2026-08-26T18:19:14.790Z,"eyesonflock.com API 2026-08-28, CC BY-SA 4.0"
williamsburg-va-pd,VA,PD,32,21,,,False,2026-08-26T13:21:16.567Z,"eyesonflock.com API 2026-08-28, CC BY-SA 4.0"
willmar-mn-pd,MN,PD,13,30,,,False,2026-08-26T23:48:57.126Z,"eyesonflock.com API 2026-08-28, CC BY-SA 4.0"
wilmette-il-pd-,IL,PD,23,30,5,,False,2026-08-26T23:42:43.940Z,"eyesonflock.com API 2026-08-28, CC BY-SA 4.0"
wilmington-oh-pd,OH,PD,17,30,219,1256,True,2026-08-26T10:56:14.744Z,"eyesonflock.com API 2026-08-28, CC BY-SA 4.0"
wilton-ct-pd,CT,PD,,30,95,,True,2026-08-26T12:49:34.412Z,"eyesonflock.com API 2026-08-28, CC BY-SA 4.0"
winchester-in-pd,IN,PD,13,30,,,False,2026-08-26T22:41:22.833Z,"eyesonflock.com API 2026-08-28, CC BY-SA 4.0"
windsor-co-pd,CO,PD,15,30,808,,False,2026-08-27T00:18:06.776Z,"eyesonflock.com API 2026-08-28, CC BY-SA 4.0"
windsor-ct-pd,CT,PD,16,30,64,,True,2026-07-22T10:33:34.924Z,"eyesonflock.com API 2026-08-28, CC BY-SA 4.0"
windsor-va-pd,VA,PD,,21,,,False,2026-08-26T16:34:50.444Z,"eyesonflock.com API 2026-08-28, CC BY-SA 4.0"
winters-ca-pd-,CA,PD,10,30,191,256,True,2026-08-26T12:09:34.062Z,"eyesonflock.com API 2026-08-28, CC BY-SA 4.0"
wisconsin-rapids-wi-pd,WI,PD,6,30,217,,False,2026-08-26T09:14:28.758Z,"eyesonflock.com API 2026-08-28, CC BY-SA 4.0"
wise-county-va-so,VA,SD,4,21,,,False,2026-08-26T15:52:22.011Z,"eyesonflock.com API 2026-08-28, CC BY-SA 4.0"
wolverine-lake-mi-pd,MI,PD,3,30,,,False,2026-08-26T14:46:18.481Z,"eyesonflock.com API 2026-08-28, CC BY-SA 4.0"
woodburn-or-pd,OR,PD,0,30,0,,True,2026-08-26T09:12:54.676Z,"eyesonflock.com API 2026-08-28, CC BY-SA 4.0"
woodland-ca-pd,CA,PD,38,30,319,306,False,2026-08-26T10:59:24.701Z,"eyesonflock.com API 2026-08-28, CC BY-SA 4.0"
woodstock-ga-pd,GA,PD,8,30,,,False,2026-08-26T23:19:21.621Z,"eyesonflock.com API 2026-08-28, CC BY-SA 4.0"
woodstock-il-pd,IL,PD,19,30,470,927,False,2026-08-26T21:26:40.519Z,"eyesonflock.com API 2026-08-28, CC BY-SA 4.0"
woodstock-va-pd,VA,PD,10,21,167,1258,False,2026-08-26T20:11:26.596Z,"eyesonflock.com API 2026-08-28, CC BY-SA 4.0"
woonsocket-ri-pd,RI,PD,15,30,425,,False,2026-08-26T09:31:37.274Z,"eyesonflock.com API 2026-08-28, CC BY-SA 4.0"
wooster-oh-pd,OH,PD,,,,,False,2026-08-26T13:01:24.706Z,"eyesonflock.com API 2026-08-28, CC BY-SA 4.0"
worthington-oh-pd,OH,PD,14,30,,,False,2026-08-26T16:14:36.684Z,"eyesonflock.com API 2026-08-28, CC BY-SA 4.0"
wright-city-mo-pd,MO,PD,2,30,1752,,False,2026-08-26T13:17:07.469Z,"eyesonflock.com API 2026-08-28, CC BY-SA 4.0"
wyoming-mn-pd,MN,PD,4,30,3,52,True,2026-08-26T08:02:23.593Z,"eyesonflock.com API 2026-08-28, CC BY-SA 4.0"
wythe-county-va-so,VA,SD,4,21,,,False,2026-08-26T21:33:58.986Z,"eyesonflock.com API 2026-08-28, CC BY-SA 4.0"
wytheville-va-pd,VA,PD,11,30,,,False,2026-08-26T11:17:06.852Z,"eyesonflock.com API 2026-08-28, CC BY-SA 4.0"
yakima-wa-pd,WA,PD,,21,88,,True,2026-08-26T18:38:01.608Z,"eyesonflock.com API 2026-08-28, CC BY-SA 4.0"
yelm-wa-pd,WA,PD,8,21,87,305,False,2026-08-26T17:43:20.641Z,"eyesonflock.com API 2026-08-28, CC BY-SA 4.0"
yolo-county-ca-so,CA,SD,17,30,318,,True,2026-08-26T11:27:59.226Z,"eyesonflock.com API 2026-08-28, CC BY-SA 4.0"
york-county-va-so,VA,SD,42,,,,False,2026-08-26T11:09:46.443Z,"eyesonflock.com API 2026-08-28, CC BY-SA 4.0"
york-me-pd,ME,PD,,21,,,True,2026-08-26T15:29:27.650Z,"eyesonflock.com API 2026-08-28, CC BY-SA 4.0"
yuba-city-ca-pd,CA,PD,15,30,258,,True,2026-08-26T14:29:42.060Z,"eyesonflock.com API 2026-08-28, CC BY-SA 4.0"
yuba-county-ca-so,CA,SD,40,,313,,True,2026-08-26T22:51:21.173Z,"eyesonflock.com API 2026-08-28, CC BY-SA 4.0"
yukon-ok-pd,OK,PD,7,30,,,False,2026-08-26T23:04:50.932Z,"eyesonflock.com API 2026-08-28, CC BY-SA 4.0"
